"Data anno corrente","Giorno settimana","Vendite R1","Scontrini R1"
"2017-01-01","Domenica",7627.12,866.0
"2017-01-02","Lunedi",6987.16,816.0
"2017-01-03","Martedi",6480.88,743.0
"2017-01-04","Mercoledi",6601.46,766.0
"2017-01-05","Giovedi",8447.41,982.0
"2017-01-06","Venerdi",9517.55,1102.0
"2017-01-07","Sabato",12039.22,1454.0
"2017-01-08","Domenica",7616.86,825.0
"2017-01-09","Lunedi",3527.68,451.0
"2017-01-10","Martedi",3640.66,431.0
"2017-01-11","Mercoledi",6192.26,752.0
"2017-01-12","Giovedi",4044.65,494.0
"2017-01-13","Venerdi",5656.47,683.0
"2017-01-14","Sabato",11810.73,1416.0
"2017-01-15","Domenica",9763.07,1034.0
"2017-01-16","Lunedi",3952.51,497.0
"2017-01-17","Martedi",3919.69,488.0
"2017-01-18","Mercoledi",4120.57,506.0
"2017-01-19","Giovedi",4474.33,533.0
"2017-01-20","Venerdi",6031.1,731.0
"2017-01-21","Sabato",10923.73,1375.0
"2017-01-22","Domenica",8071.33,908.0
"2017-01-23","Lunedi",3467.09,445.0
"2017-01-24","Martedi",3968.23,518.0
"2017-01-25","Mercoledi",4143.82,552.0
"2017-01-26","Giovedi",3890.89,495.0
"2017-01-27","Venerdi",6224.46,773.0
"2017-01-28","Sabato",10845.25,1389.0
"2017-01-29","Domenica",7767.09,871.0
"2017-01-30","Lunedi",3854.85,482.0
"2017-01-31","Martedi",3926.68,477.0
"2017-02-01","Mercoledi",4537.3,546.0
"2017-02-02","Giovedi",3646.42,443.0
"2017-02-03","Venerdi",5894.14,725.0
"2017-02-04","Sabato",10220.86,1333.0
"2017-02-05","Domenica",6781.98,797.0
"2017-02-06","Lunedi",3415.47,437.0
"2017-02-07","Martedi",3728.62,464.0
"2017-02-08","Mercoledi",6487.24,816.0
"2017-02-09","Giovedi",4097.64,524.0
"2017-02-10","Venerdi",5942.16,753.0
"2017-02-11","Sabato",10253.45,1348.0
"2017-02-12","Domenica",7543.5,869.0
"2017-02-13","Lunedi",3998.09,499.0
"2017-02-14","Martedi",4863.42,585.0
"2017-02-15","Mercoledi",4550.11,567.0
"2017-02-16","Giovedi",4070.75,533.0
"2017-02-17","Venerdi",5624.39,741.0
"2017-02-18","Sabato",10026.92,1259.0
"2017-02-19","Domenica",7852.23,863.0
"2017-02-20","Lunedi",3551.0,469.0
"2017-02-21","Martedi",3766.13,514.0
"2017-02-22","Mercoledi",3646.42,557.0
"2017-02-23","Giovedi",3995.17,517.0
"2017-02-24","Venerdi",5290.64,669.0
"2017-02-25","Sabato",9718.05,1275.0
"2017-02-26","Domenica",7810.37,918.0
"2017-02-27","Lunedi",6008.4,789.0
"2017-02-28","Martedi",4675.63,570.0
"2017-03-01","Mercoledi",4383.02,570.0
"2017-03-02","Giovedi",4234.33,533.0
"2017-03-03","Venerdi",5350.82,678.0
"2017-03-04","Sabato",9892.02,1343.0
"2017-03-05","Domenica",8351.62,907.0
"2017-03-06","Lunedi",3314.2,460.0
"2017-03-07","Martedi",4039.78,541.0
"2017-03-08","Mercoledi",5953.39,778.0
"2017-03-09","Giovedi",4000.17,532.0
"2017-03-10","Venerdi",5135.61,629.0
"2017-03-11","Sabato",10361.62,1375.0
"2017-03-12","Domenica",6904.11,817.0
"2017-03-13","Lunedi",3594.52,485.0
"2017-03-14","Martedi",3491.56,485.0
"2017-03-15","Mercoledi",3968.18,476.0
"2017-03-16","Giovedi",4412.08,569.0
"2017-03-17","Venerdi",6307.57,769.0
"2017-03-18","Sabato",10641.38,1333.0
"2017-03-19","Domenica",7983.54,810.0
"2017-03-20","Lunedi",3994.85,490.0
"2017-03-21","Martedi",4145.36,498.0
"2017-03-22","Mercoledi",4694.44,549.0
"2017-03-23","Giovedi",4239.12,556.0
"2017-03-24","Venerdi",5775.16,738.0
"2017-03-25","Sabato",11318.59,1379.0
"2017-03-26","Domenica",8263.78,963.0
"2017-03-27","Lunedi",3928.07,482.0
"2017-03-28","Martedi",3812.66,530.0
"2017-03-29","Mercoledi",4311.77,542.0
"2017-03-30","Giovedi",4240.97,549.0
"2017-03-31","Venerdi",5805.73,741.0
"2017-04-01","Sabato",9430.83,1168.0
"2017-04-02","Domenica",8466.25,969.0
"2017-04-03","Lunedi",3740.5,515.0
"2017-04-04","Martedi",4114.82,538.0
"2017-04-05","Mercoledi",4627.5,579.0
"2017-04-06","Giovedi",4373.36,590.0
"2017-04-07","Venerdi",5974.98,732.0
"2017-04-08","Sabato",9581.38,1195.0
"2017-04-09","Domenica",7339.36,836.0
"2017-04-10","Lunedi",3665.99,493.0
"2017-04-11","Martedi",4556.86,599.0
"2017-04-12","Mercoledi",7260.64,892.0
"2017-04-13","Giovedi",6205.05,747.0
"2017-04-14","Venerdi",7302.64,878.0
"2017-04-15","Sabato",10307.11,1322.0
"2017-04-16","Domenica",3270.03,395.0
"2017-04-17","Lunedi",6814.09,768.0
"2017-04-18","Martedi",5097.56,635.0
"2017-04-19","Mercoledi",4466.01,540.0
"2017-04-20","Giovedi",4266.33,587.0
"2017-04-21","Venerdi",5834.42,779.0
"2017-04-22","Sabato",10483.15,1305.0
"2017-04-23","Domenica",8065.97,915.0
"2017-04-24","Lunedi",7459.45,902.0
"2017-04-25","Martedi",8951.07,984.0
"2017-04-26","Mercoledi",4316.18,501.0
"2017-04-27","Giovedi",4125.82,538.0
"2017-04-28","Venerdi",5736.81,759.0
"2017-04-29","Sabato",9972.66,1238.0
"2017-04-30","Domenica",8205.66,1025.0
"2017-05-01","Lunedi",8015.64,984.0
"2017-05-02","Martedi",3693.82,475.0
"2017-05-03","Mercoledi",4518.33,573.0
"2017-05-04","Giovedi",4952.22,569.0
"2017-05-05","Venerdi",5927.08,740.0
"2017-05-06","Sabato",9727.0,1197.0
"2017-05-07","Domenica",8556.35,969.0
"2017-05-08","Lunedi",3770.04,485.0
"2017-05-09","Martedi",4091.77,511.0
"2017-05-10","Mercoledi",6040.11,811.0
"2017-05-11","Giovedi",5117.32,635.0
"2017-05-12","Venerdi",6468.1,798.0
"2017-05-13","Sabato",8846.7,1104.0
"2017-05-14","Domenica",6776.48,771.0
"2017-05-15","Lunedi",4471.53,558.0
"2017-05-16","Martedi",3658.06,503.0
"2017-05-17","Mercoledi",3550.96,466.0
"2017-05-18","Giovedi",4144.0,544.0
"2017-05-19","Venerdi",5458.68,663.0
"2017-05-20","Sabato",8838.36,1137.0
"2017-05-21","Domenica",7028.25,801.0
"2017-05-22","Lunedi",3682.19,472.0
"2017-05-23","Martedi",3493.89,442.0
"2017-05-24","Mercoledi",3740.73,472.0
"2017-05-25","Giovedi",4522.96,571.0
"2017-05-26","Venerdi",5416.06,652.0
"2017-05-27","Sabato",7913.69,962.0
"2017-05-28","Domenica",5597.75,629.0
"2017-05-29","Lunedi",3954.99,517.0
"2017-05-30","Martedi",3480.39,447.0
"2017-05-31","Mercoledi",4352.31,536.0
"2017-06-01","Giovedi",5516.98,654.0
"2017-06-02","Venerdi",7138.98,856.0
"2017-06-03","Sabato",7260.38,910.0
"2017-06-04","Domenica",7938.67,875.0
"2017-06-05","Lunedi",4248.1,591.0
"2017-06-06","Martedi",3936.62,536.0
"2017-06-07","Mercoledi",4576.46,612.0
"2017-06-08","Giovedi",5968.08,839.0
"2017-06-09","Venerdi",5396.48,712.0
"2017-06-10","Sabato",8614.19,1086.0
"2017-06-11","Domenica",6248.54,764.0
"2017-06-12","Lunedi",3920.98,526.0
"2017-06-13","Martedi",3945.94,586.0
"2017-06-14","Mercoledi",4833.61,650.0
"2017-06-15","Giovedi",5572.53,686.0
"2017-06-16","Venerdi",5752.55,753.0
"2017-06-17","Sabato",8577.44,1164.0
"2017-06-18","Domenica",7212.91,839.0
"2017-06-19","Lunedi",4178.54,546.0
"2017-06-20","Martedi",3905.24,510.0
"2017-06-21","Mercoledi",4412.05,580.0
"2017-06-22","Giovedi",5065.64,665.0
"2017-06-23","Venerdi",5167.58,676.0
"2017-06-24","Sabato",8547.39,1103.0
"2017-06-25","Domenica",8178.69,979.0
"2017-06-26","Lunedi",5075.02,667.0
"2017-06-27","Martedi",4961.86,630.0
"2017-06-28","Mercoledi",5072.04,637.0
"2017-06-29","Giovedi",5288.03,678.0
"2017-06-30","Venerdi",6238.29,783.0
"2017-07-01","Sabato",11188.97,1550.0
"2017-07-02","Domenica",8408.93,1035.0
"2017-07-03","Lunedi",4813.6,712.0
"2017-07-04","Martedi",4590.42,670.0
"2017-07-05","Mercoledi",5925.3,874.0
"2017-07-06","Giovedi",5064.13,710.0
"2017-07-07","Venerdi",5981.86,796.0
"2017-07-08","Sabato",9180.77,1122.0
"2017-07-09","Domenica",8593.49,951.0
"2017-07-10","Lunedi",5357.91,825.0
"2017-07-11","Martedi",5322.69,762.0
"2017-07-12","Mercoledi",5429.47,785.0
"2017-07-13","Giovedi",5445.55,707.0
"2017-07-14","Venerdi",6044.96,796.0
"2017-07-15","Sabato",8305.67,1090.0
"2017-07-16","Domenica",6844.05,814.0
"2017-07-17","Lunedi",5066.45,675.0
"2017-07-18","Martedi",4633.93,644.0
"2017-07-19","Mercoledi",4848.68,646.0
"2017-07-20","Giovedi",4595.96,657.0
"2017-07-21","Venerdi",6041.66,786.0
"2017-07-22","Sabato",8420.88,1069.0
"2017-07-23","Domenica",7168.71,891.0
"2017-07-24","Lunedi",5388.65,741.0
"2017-07-25","Martedi",5153.86,694.0
"2017-07-26","Mercoledi",4928.17,665.0
"2017-07-27","Giovedi",4702.18,653.0
"2017-07-28","Venerdi",5788.39,872.0
"2017-07-29","Sabato",8161.3,1111.0
"2017-07-30","Domenica",7554.37,869.0
"2017-07-31","Lunedi",4928.6,666.0
"2017-08-01","Martedi",4750.47,642.0
"2017-08-02","Mercoledi",4889.3,649.0
"2017-08-03","Giovedi",4820.66,681.0
"2017-08-04","Venerdi",5063.03,663.0
"2017-08-05","Sabato",8027.97,1025.0
"2017-08-06","Domenica",7417.58,936.0
"2017-08-07","Lunedi",4736.04,650.0
"2017-08-08","Martedi",5108.44,650.0
"2017-08-09","Mercoledi",5452.95,717.0
"2017-08-10","Giovedi",6466.89,823.0
"2017-08-11","Venerdi",6635.19,824.0
"2017-08-12","Sabato",8387.69,1069.0
"2017-08-13","Domenica",6279.32,781.0
"2017-08-14","Lunedi",5700.29,698.0
"2017-08-15","Martedi",4466.48,513.0
"2017-08-16","Mercoledi",4926.44,617.0
"2017-08-17","Giovedi",4820.53,622.0
"2017-08-18","Venerdi",5268.82,702.0
"2017-08-19","Sabato",7581.11,944.0
"2017-08-20","Domenica",6208.89,693.0
"2017-08-21","Lunedi",4853.93,626.0
"2017-08-22","Martedi",4941.0,616.0
"2017-08-23","Mercoledi",4971.0,670.0
"2017-08-24","Giovedi",5476.38,694.0
"2017-08-25","Venerdi",5729.78,711.0
"2017-08-26","Sabato",8378.65,1040.0
"2017-08-27","Domenica",6980.54,781.0
"2017-08-28","Lunedi",5637.4,684.0
"2017-08-29","Martedi",5418.62,642.0
"2017-08-30","Mercoledi",5876.1,705.0
"2017-08-31","Giovedi",6616.55,808.0
"2017-09-01","Venerdi",7318.58,864.0
"2017-09-02","Sabato",11561.96,1317.0
"2017-09-03","Domenica",8863.51,989.0
"2017-09-04","Lunedi",5900.67,719.0
"2017-09-05","Martedi",6523.65,755.0
"2017-09-06","Mercoledi",6084.35,691.0
"2017-09-07","Giovedi",6431.68,787.0
"2017-09-08","Venerdi",7237.25,795.0
"2017-09-09","Sabato",10660.81,1214.0
"2017-09-10","Domenica",9485.95,1038.0
"2017-09-11","Lunedi",6078.36,700.0
"2017-09-12","Martedi",5133.74,644.0
"2017-09-13","Mercoledi",5667.0,669.0
"2017-09-14","Giovedi",5451.49,629.0
"2017-09-15","Venerdi",7648.94,865.0
"2017-09-16","Sabato",12893.22,1480.0
"2017-09-17","Domenica",9672.09,1048.0
"2017-09-18","Lunedi",4548.71,561.0
"2017-09-19","Martedi",4889.35,599.0
"2017-09-20","Mercoledi",5129.06,646.0
"2017-09-21","Giovedi",5158.38,669.0
"2017-09-22","Venerdi",6373.88,718.0
"2017-09-23","Sabato",10580.86,1272.0
"2017-09-24","Domenica",7858.44,829.0
"2017-09-25","Lunedi",3252.04,442.0
"2017-09-26","Martedi",3339.24,443.0
"2017-09-27","Mercoledi",3508.8,449.0
"2017-09-28","Giovedi",3819.55,522.0
"2017-09-29","Venerdi",5624.99,668.0
"2017-09-30","Sabato",9320.77,1216.0
"2017-10-01","Domenica",7651.28,881.0
"2017-10-02","Lunedi",3479.51,465.0
"2017-10-03","Martedi",3286.2,423.0
"2017-10-04","Mercoledi",3604.99,466.0
"2017-10-05","Giovedi",3511.44,461.0
"2017-10-06","Venerdi",5382.52,730.0
"2017-10-07","Sabato",10004.25,1275.0
"2017-10-08","Domenica",6696.87,750.0
"2017-10-09","Lunedi",3099.42,427.0
"2017-10-10","Martedi",3212.95,437.0
"2017-10-11","Mercoledi",3616.06,479.0
"2017-10-12","Giovedi",3284.83,452.0
"2017-10-13","Venerdi",4814.46,684.0
"2017-10-14","Sabato",8865.78,1149.0
"2017-10-15","Domenica",6253.31,769.0
"2017-10-16","Lunedi",3189.89,463.0
"2017-10-17","Martedi",3296.22,466.0
"2017-10-18","Mercoledi",3293.82,481.0
"2017-10-19","Giovedi",3626.06,523.0
"2017-10-20","Venerdi",5358.43,698.0
"2017-10-21","Sabato",10097.78,1303.0
"2017-10-22","Domenica",7425.57,881.0
"2017-10-23","Lunedi",3507.26,466.0
"2017-10-24","Martedi",3404.6,463.0
"2017-10-25","Mercoledi",3468.63,468.0
"2017-10-26","Giovedi",3783.32,465.0
"2017-10-27","Venerdi",5548.83,720.0
"2017-10-28","Sabato",9361.59,1220.0
"2017-10-29","Domenica",6720.72,805.0
"2017-10-30","Lunedi",3656.82,509.0
"2017-10-31","Martedi",6620.27,816.0
"2017-11-01","Mercoledi",7467.07,847.0
"2017-11-02","Giovedi",2974.63,414.0
"2017-11-03","Venerdi",5173.13,687.0
"2017-11-04","Sabato",9647.82,1217.0
"2017-11-05","Domenica",6804.14,808.0
"2017-11-06","Lunedi",3243.06,454.0
"2017-11-07","Martedi",3359.23,444.0
"2017-11-08","Mercoledi",3933.08,485.0
"2017-11-09","Giovedi",3218.27,445.0
"2017-11-10","Venerdi",5277.59,674.0
"2017-11-11","Sabato",10414.61,1303.0
"2017-11-12","Domenica",8153.6,863.0
"2017-11-13","Lunedi",3138.99,411.0
"2017-11-14","Martedi",3267.83,457.0
"2017-11-15","Mercoledi",3749.49,491.0
"2017-11-16","Giovedi",3503.98,465.0
"2017-11-17","Venerdi",6035.41,744.0
"2017-11-18","Sabato",10393.57,1309.0
"2017-11-19","Domenica",8490.14,929.0
"2017-11-20","Lunedi",3311.75,463.0
"2017-11-21","Martedi",3351.43,460.0
"2017-11-22","Mercoledi",3306.41,442.0
"2017-11-23","Giovedi",3867.79,492.0
"2017-11-24","Venerdi",6354.08,799.0
"2017-11-25","Sabato",9753.0,1256.0
"2017-11-26","Domenica",8695.67,1020.0
"2017-11-27","Lunedi",3558.46,460.0
"2017-11-28","Martedi",3064.9,391.0
"2017-11-29","Mercoledi",3596.43,492.0
"2017-11-30","Giovedi",3307.81,431.0
"2017-12-01","Venerdi",6258.88,853.0
"2017-12-02","Sabato",11544.73,1456.0
"2017-12-03","Domenica",8959.05,1048.0
"2017-12-04","Lunedi",3638.28,498.0
"2017-12-05","Martedi",3934.86,504.0
"2017-12-06","Mercoledi",4223.46,570.0
"2017-12-07","Giovedi",5899.82,804.0
"2017-12-08","Venerdi",9427.54,1160.0
"2017-12-09","Sabato",9913.23,1244.0
"2017-12-10","Domenica",6357.65,700.0
"2017-12-11","Lunedi",3719.99,459.0
"2017-12-12","Martedi",3678.11,475.0
"2017-12-13","Mercoledi",5299.31,738.0
"2017-12-14","Giovedi",4948.32,638.0
"2017-12-15","Venerdi",6815.21,793.0
"2017-12-16","Sabato",11596.67,1429.0
"2017-12-17","Domenica",10242.55,1089.0
"2017-12-18","Lunedi",4957.95,645.0
"2017-12-19","Martedi",5304.15,680.0
"2017-12-20","Mercoledi",5756.6,699.0
"2017-12-21","Giovedi",6304.38,811.0
"2017-12-22","Venerdi",7907.97,968.0
"2017-12-23","Sabato",11750.03,1391.0
"2017-12-24","Domenica",4513.28,550.0
"2017-12-25","Lunedi",2332.21,294.0
"2017-12-26","Martedi",5999.09,746.0
"2017-12-27","Mercoledi",6126.17,768.0
"2017-12-28","Giovedi",7294.45,851.0
"2017-12-29","Venerdi",6796.46,741.0
"2017-12-30","Sabato",9452.56,1150.0
"2017-12-31","Domenica",3201.77,356.0
"2018-01-01","Lunedi",7066.7,746.0
"2018-01-02","Martedi",5810.33,716.0
"2018-01-03","Mercoledi",5884.99,721.0
"2018-01-04","Giovedi",6472.63,725.0
"2018-01-05","Venerdi",7648.11,878.0
"2018-01-06","Sabato",11340.1,1302.0
"2018-01-07","Domenica",8494.54,890.0
"2018-01-08","Lunedi",3467.94,446.0
"2018-01-09","Martedi",3887.98,494.0
"2018-01-10","Mercoledi",4008.03,520.0
"2018-01-11","Giovedi",4129.93,490.0
"2018-01-12","Venerdi",6342.45,735.0
"2018-01-13","Sabato",12433.69,1417.0
"2018-01-14","Domenica",8612.8,922.0
"2018-01-15","Lunedi",3644.1,485.0
"2018-01-16","Martedi",4192.05,498.0
"2018-01-17","Mercoledi",4004.56,506.0
"2018-01-18","Giovedi",4410.01,549.0
"2018-01-19","Venerdi",4893.18,609.0
"2018-01-20","Sabato",10613.1,1294.0
"2018-01-21","Domenica",7910.86,889.0
"2018-01-22","Lunedi",3678.53,461.0
"2018-01-23","Martedi",3663.95,431.0
"2018-01-24","Mercoledi",3884.85,497.0
"2018-01-25","Giovedi",4427.61,570.0
"2018-01-26","Venerdi",5549.85,644.0
"2018-01-27","Sabato",10495.95,1319.0
"2018-01-28","Domenica",8330.39,874.0
"2018-01-29","Lunedi",2981.7,369.0
"2018-01-30","Martedi",3408.43,405.0
"2018-01-31","Mercoledi",3647.67,442.0
"2018-02-01","Giovedi",3561.89,427.0
"2018-02-02","Venerdi",5590.96,715.0
"2018-02-03","Sabato",9567.06,1205.0
"2018-02-04","Domenica",7576.05,831.0
"2018-02-05","Lunedi",2957.25,363.0
"2018-02-06","Martedi",2882.22,379.0
"2018-02-07","Mercoledi",3542.97,449.0
"2018-02-08","Giovedi",4053.37,519.0
"2018-02-09","Venerdi",5352.62,680.0
"2018-02-10","Sabato",10681.09,1305.0
"2018-02-11","Domenica",8536.33,948.0
"2018-02-12","Lunedi",5627.28,705.0
"2018-02-13","Martedi",5365.25,632.0
"2018-02-14","Mercoledi",4162.48,546.0
"2018-02-15","Giovedi",3814.76,502.0
"2018-02-16","Venerdi",5425.5,678.0
"2018-02-17","Sabato",10573.13,1295.0
"2018-02-18","Domenica",8589.23,908.0
"2018-02-19","Lunedi",3132.06,415.0
"2018-02-20","Martedi",3849.66,487.0
"2018-02-21","Mercoledi",3951.56,493.0
"2018-02-22","Giovedi",3457.84,455.0
"2018-02-23","Venerdi",4884.72,644.0
"2018-02-24","Sabato",10912.22,1314.0
"2018-02-25","Domenica",5508.98,595.0
"2018-02-26","Lunedi",3576.23,473.0
"2018-02-27","Martedi",3644.76,474.0
"2018-02-28","Mercoledi",3811.24,480.0
"2018-03-01","Giovedi",3856.6,478.0
"2018-03-02","Venerdi",5077.43,556.0
"2018-03-03","Sabato",4300.57,576.0
"2018-03-04","Domenica",8826.69,1032.0
"2018-03-05","Lunedi",4096.38,530.0
"2018-03-06","Martedi",4034.1,532.0
"2018-03-07","Mercoledi",3290.86,463.0
"2018-03-08","Giovedi",4371.61,596.0
"2018-03-09","Venerdi",4957.72,684.0
"2018-03-10","Sabato",10674.51,1307.0
"2018-03-11","Domenica",8185.09,952.0
"2018-03-12","Lunedi",3227.26,466.0
"2018-03-13","Martedi",3461.14,495.0
"2018-03-14","Mercoledi",3944.55,565.0
"2018-03-15","Giovedi",3929.03,535.0
"2018-03-16","Venerdi",5893.14,772.0
"2018-03-17","Sabato",11184.22,1400.0
"2018-03-18","Domenica",8012.16,911.0
"2018-03-19","Lunedi",3634.73,486.0
"2018-03-20","Martedi",3705.34,511.0
"2018-03-21","Mercoledi",3334.09,507.0
"2018-03-22","Giovedi",4407.69,604.0
"2018-03-23","Venerdi",5614.42,739.0
"2018-03-24","Sabato",11073.64,1431.0
"2018-03-25","Domenica",7957.11,962.0
"2018-03-26","Lunedi",3648.38,524.0
"2018-03-27","Martedi",3927.53,557.0
"2018-03-28","Mercoledi",4954.21,647.0
"2018-03-29","Giovedi",6326.17,829.0
"2018-03-30","Venerdi",6101.12,853.0
"2018-03-31","Sabato",9493.24,1248.0
"2018-04-01","Domenica",2361.32,295.0
"2018-04-02","Lunedi",6482.14,728.0
"2018-04-03","Martedi",4820.89,588.0
"2018-04-04","Mercoledi",3123.61,441.0
"2018-04-05","Giovedi",3560.91,481.0
"2018-04-06","Venerdi",5836.42,799.0
"2018-04-07","Sabato",10313.66,1331.0
"2018-04-08","Domenica",6913.3,817.0
"2018-04-09","Lunedi",3715.29,520.0
"2018-04-10","Martedi",4226.04,538.0
"2018-04-11","Mercoledi",3889.28,530.0
"2018-04-12","Giovedi",4791.07,581.0
"2018-04-13","Venerdi",7096.32,932.0
"2018-04-14","Sabato",11079.58,1346.0
"2018-04-15","Domenica",9628.16,1070.0
"2018-04-16","Lunedi",3685.08,499.0
"2018-04-17","Martedi",3732.45,517.0
"2018-04-18","Mercoledi",3623.64,497.0
"2018-04-19","Giovedi",4652.02,636.0
"2018-04-20","Venerdi",6041.11,753.0
"2018-04-21","Sabato",9100.11,1147.0
"2018-04-22","Domenica",8106.52,936.0
"2018-04-23","Lunedi",3460.24,463.0
"2018-04-24","Martedi",4677.64,627.0
"2018-04-25","Mercoledi",7479.79,870.0
"2018-04-26","Giovedi",3772.51,518.0
"2018-04-27","Venerdi",6238.08,805.0
"2018-04-28","Sabato",10309.5,1228.0
"2018-04-29","Domenica",9116.35,1009.0
"2018-04-30","Lunedi",7138.98,824.0
"2018-05-01","Martedi",7336.0,810.0
"2018-05-02","Mercoledi",3847.32,487.0
"2018-05-03","Giovedi",3802.41,485.0
"2018-05-04","Venerdi",4853.32,617.0
"2018-05-05","Sabato",10052.19,1215.0
"2018-05-06","Domenica",6710.58,780.0
"2018-05-07","Lunedi",3388.67,458.0
"2018-05-08","Martedi",3588.28,460.0
"2018-05-09","Mercoledi",3854.49,492.0
"2018-05-10","Giovedi",3976.58,499.0
"2018-05-11","Venerdi",5699.67,685.0
"2018-05-12","Sabato",7687.61,937.0
"2018-05-13","Domenica",7416.3,847.0
"2018-05-14","Lunedi",3400.9,444.0
"2018-05-15","Martedi",4203.03,507.0
"2018-05-16","Mercoledi",3830.85,541.0
"2018-05-17","Giovedi",3648.37,433.0
"2018-05-18","Venerdi",5658.23,682.0
"2018-05-19","Sabato",9905.5,1232.0
"2018-05-20","Domenica",7487.55,859.0
"2018-05-21","Lunedi",3296.59,463.0
"2018-05-22","Martedi",3974.77,533.0
"2018-05-23","Mercoledi",3806.69,540.0
"2018-05-24","Giovedi",3807.01,497.0
"2018-05-25","Venerdi",5972.49,797.0
"2018-05-26","Sabato",8199.99,1016.0
"2018-05-27","Domenica",8025.91,954.0
"2018-05-28","Lunedi",3761.81,499.0
"2018-05-29","Martedi",3754.89,488.0
"2018-05-30","Mercoledi",3815.23,494.0
"2018-05-31","Giovedi",3856.6,478.0
"2018-06-01","Venerdi",10729.37,1325.0
"2018-06-02","Sabato",9036.52,1131.0
"2018-06-03","Domenica",7058.94,829.0
"2018-06-04","Lunedi",4108.58,516.0
"2018-06-05","Martedi",3346.7,457.0
"2018-06-06","Mercoledi",3405.19,432.0
"2018-06-07","Giovedi",4114.45,544.0
"2018-06-08","Venerdi",7004.99,860.0
"2018-06-09","Sabato",7829.97,946.0
"2018-06-10","Domenica",7273.18,887.0
"2018-06-11","Lunedi",4138.71,527.0
"2018-06-12","Martedi",4062.12,511.0
"2018-06-13","Mercoledi",4654.48,596.0
"2018-06-14","Giovedi",4392.02,554.0
"2018-06-15","Venerdi",5349.58,687.0
"2018-06-16","Sabato",7819.33,947.0
"2018-06-17","Domenica",6743.87,793.0
"2018-06-18","Lunedi",3439.43,439.0
"2018-06-19","Martedi",3131.83,442.0
"2018-06-20","Mercoledi",3799.76,500.0
"2018-06-21","Giovedi",4215.12,539.0
"2018-06-22","Venerdi",5180.82,644.0
"2018-06-23","Sabato",9287.19,1124.0
"2018-06-24","Domenica",6571.2,824.0
"2018-06-25","Lunedi",4024.82,549.0
"2018-06-26","Martedi",3907.01,525.0
"2018-06-27","Mercoledi",3625.5,500.0
"2018-06-28","Giovedi",4487.91,557.0
"2018-06-29","Venerdi",5597.42,709.0
"2018-06-30","Sabato",7202.0,909.0
"2018-07-01","Domenica",7659.28,969.0
"2018-07-02","Lunedi",4137.55,537.0
"2018-07-03","Martedi",4335.33,589.0
"2018-07-04","Mercoledi",4672.64,607.0
"2018-07-05","Giovedi",4720.18,593.0
"2018-07-06","Venerdi",5913.59,809.0
"2018-07-07","Sabato",7888.91,987.0
"2018-07-08","Domenica",8202.48,1019.0
"2018-07-09","Lunedi",4553.53,608.0
"2018-07-10","Martedi",4990.24,649.0
"2018-07-11","Mercoledi",5245.65,712.0
"2018-07-12","Giovedi",4679.48,639.0
"2018-07-13","Venerdi",6378.93,827.0
"2018-07-14","Sabato",9140.68,1166.0
"2018-07-15","Domenica",7287.1,863.0
"2018-07-16","Lunedi",5133.67,631.0
"2018-07-17","Martedi",4946.06,599.0
"2018-07-18","Mercoledi",4009.24,556.0
"2018-07-19","Giovedi",4200.32,548.0
"2018-07-20","Venerdi",5537.91,726.0
"2018-07-21","Sabato",11343.91,1461.0
"2018-07-22","Domenica",8685.53,1056.0
"2018-07-23","Lunedi",4615.17,580.0
"2018-07-24","Martedi",4350.13,561.0
"2018-07-25","Mercoledi",4307.4,576.0
"2018-07-26","Giovedi",4242.76,553.0
"2018-07-27","Venerdi",6459.35,923.0
"2018-07-28","Sabato",7549.82,965.0
"2018-07-29","Domenica",8056.25,937.0
"2018-07-30","Lunedi",3869.76,535.0
"2018-07-31","Martedi",4128.9,602.0
"2018-08-01","Mercoledi",4355.98,575.0
"2018-08-02","Giovedi",4546.3,584.0
"2018-08-03","Venerdi",5977.0,716.0
"2018-08-04","Sabato",8061.68,1015.0
"2018-08-05","Domenica",6939.15,852.0
"2018-08-06","Lunedi",4711.24,616.0
"2018-08-07","Martedi",4740.63,625.0
"2018-08-08","Mercoledi",3981.68,516.0
"2018-08-09","Giovedi",5311.68,638.0
"2018-08-10","Venerdi",6298.34,748.0
"2018-08-11","Sabato",8544.57,1012.0
"2018-08-12","Domenica",8092.78,934.0
"2018-08-13","Lunedi",6670.36,734.0
"2018-08-14","Martedi",6099.26,716.0
"2018-08-15","Mercoledi",2542.66,322.0
"2018-08-16","Giovedi",4979.3,632.0
"2018-08-17","Venerdi",5998.54,737.0
"2018-08-18","Sabato",7250.32,937.0
"2018-08-19","Domenica",7222.89,859.0
"2018-08-20","Lunedi",5116.13,621.0
"2018-08-21","Martedi",4663.94,595.0
"2018-08-22","Mercoledi",5355.47,634.0
"2018-08-23","Giovedi",5142.18,603.0
"2018-08-24","Venerdi",6453.35,743.0
"2018-08-25","Sabato",10030.98,1184.0
"2018-08-26","Domenica",7157.78,827.0
"2018-08-27","Lunedi",4904.61,615.0
"2018-08-28","Martedi",4774.85,608.0
"2018-08-29","Mercoledi",5259.39,642.0
"2018-08-30","Giovedi",5286.18,637.0
"2018-08-31","Venerdi",7047.42,822.0
"2018-09-01","Sabato",11002.76,1288.0
"2018-09-02","Domenica",9468.3,1076.0
"2018-09-03","Lunedi",5438.3,663.0
"2018-09-04","Martedi",5511.67,654.0
"2018-09-05","Mercoledi",5161.12,640.0
"2018-09-06","Giovedi",5544.57,662.0
"2018-09-07","Venerdi",7398.81,906.0
"2018-09-08","Sabato",9459.82,1109.0
"2018-09-09","Domenica",7289.2,888.0
"2018-09-10","Lunedi",5406.64,635.0
"2018-09-11","Martedi",4857.34,601.0
"2018-09-12","Mercoledi",5384.57,625.0
"2018-09-13","Giovedi",4490.4,581.0
"2018-09-14","Venerdi",6601.11,817.0
"2018-09-15","Sabato",10498.32,1329.0
"2018-09-16","Domenica",7651.89,843.0
"2018-09-17","Lunedi",3997.83,527.0
"2018-09-18","Martedi",4382.14,573.0
"2018-09-19","Mercoledi",4545.87,556.0
"2018-09-20","Giovedi",5310.17,722.0
"2018-09-21","Venerdi",6338.36,788.0
"2018-09-22","Sabato",9718.48,1188.0
"2018-09-23","Domenica",9163.32,1019.0
"2018-09-24","Lunedi",3134.57,465.0
"2018-09-25","Martedi",3856.37,504.0
"2018-09-26","Mercoledi",3291.79,473.0
"2018-09-27","Giovedi",3447.94,497.0
"2018-09-28","Venerdi",6218.81,843.0
"2018-09-29","Sabato",10134.52,1243.0
"2018-09-30","Domenica",7433.45,934.0
"2018-10-01","Lunedi",3411.98,449.0
"2018-10-02","Martedi",3655.42,490.0
"2018-10-03","Mercoledi",3232.97,457.0
"2018-10-04","Giovedi",3292.07,433.0
"2018-10-05","Venerdi",6061.26,780.0
"2018-10-06","Sabato",10301.24,1264.0
"2018-10-07","Domenica",7958.09,911.0
"2018-10-08","Lunedi",3117.16,420.0
"2018-10-09","Martedi",2833.49,411.0
"2018-10-10","Mercoledi",3772.73,485.0
"2018-10-11","Giovedi",3923.09,486.0
"2018-10-12","Venerdi",6234.45,781.0
"2018-10-13","Sabato",10064.4,1234.0
"2018-10-14","Domenica",7996.11,921.0
"2018-10-15","Lunedi",3396.36,442.0
"2018-10-16","Martedi",2963.91,407.0
"2018-10-17","Mercoledi",3251.35,474.0
"2018-10-18","Giovedi",3147.53,434.0
"2018-10-19","Venerdi",6219.74,779.0
"2018-10-20","Sabato",10432.02,1306.0
"2018-10-21","Domenica",7378.48,896.0
"2018-10-22","Lunedi",3391.27,430.0
"2018-10-23","Martedi",2852.93,417.0
"2018-10-24","Mercoledi",3546.94,471.0
"2018-10-25","Giovedi",3248.19,434.0
"2018-10-26","Venerdi",5543.23,663.0
"2018-10-27","Sabato",10044.22,1247.0
"2018-10-28","Domenica",8827.94,1106.0
"2018-10-29","Lunedi",2474.46,345.0
"2018-10-30","Martedi",3519.6,453.0
"2018-10-31","Mercoledi",8325.16,1010.0
"2018-11-01","Giovedi",8597.04,960.0
"2018-11-02","Venerdi",7391.63,870.0
"2018-11-03","Sabato",11154.13,1381.0
"2018-11-04","Domenica",8588.4,983.0
"2018-11-05","Lunedi",2919.74,387.0
"2018-11-06","Martedi",3031.32,383.0
"2018-11-07","Mercoledi",3550.98,423.0
"2018-11-08","Giovedi",3832.06,428.0
"2018-11-09","Venerdi",5362.56,669.0
"2018-11-10","Sabato",10044.85,1171.0
"2018-11-11","Domenica",8163.7,903.0
"2018-11-12","Lunedi",3080.62,394.0
"2018-11-13","Martedi",3043.98,425.0
"2018-11-14","Mercoledi",3639.15,495.0
"2018-11-15","Giovedi",3651.08,467.0
"2018-11-16","Venerdi",6702.27,775.0
"2018-11-17","Sabato",10644.21,1239.0
"2018-11-18","Domenica",9039.46,1005.0
"2018-11-19","Lunedi",3082.87,425.0
"2018-11-20","Martedi",3705.85,470.0
"2018-11-21","Mercoledi",3713.99,513.0
"2018-11-22","Giovedi",3508.52,527.0
"2018-11-23","Venerdi",7524.35,911.0
"2018-11-24","Sabato",11177.21,1402.0
"2018-11-25","Domenica",9374.52,1080.0
"2018-11-26","Lunedi",3393.42,457.0
"2018-11-27","Martedi",3183.71,422.0
"2018-11-28","Mercoledi",3373.34,447.0
"2018-11-29","Giovedi",3530.83,442.0
"2018-11-30","Venerdi",6109.88,750.0
"2018-12-01","Sabato",12529.94,1616.0
"2018-12-02","Domenica",9514.84,1013.0
"2018-12-03","Lunedi",3899.27,516.0
"2018-12-04","Martedi",3560.82,463.0
"2018-12-05","Mercoledi",4103.14,510.0
"2018-12-06","Giovedi",3902.9,567.0
"2018-12-07","Venerdi",6677.34,829.0
"2018-12-08","Sabato",11847.25,1452.0
"2018-12-09","Domenica",8899.4,1016.0
"2018-12-10","Lunedi",3890.35,518.0
"2018-12-11","Martedi",4457.44,528.0
"2018-12-12","Mercoledi",4874.53,613.0
"2018-12-13","Giovedi",4259.87,514.0
"2018-12-14","Venerdi",6461.89,788.0
"2018-12-15","Sabato",12826.12,1475.0
"2018-12-16","Domenica",9954.35,1081.0
"2018-12-17","Lunedi",4377.52,578.0
"2018-12-18","Martedi",4803.0,594.0
"2018-12-19","Mercoledi",4539.7,605.0
"2018-12-20","Giovedi",6010.2,782.0
"2018-12-21","Venerdi",8736.71,1063.0
"2018-12-22","Sabato",12007.32,1399.0
"2018-12-23","Domenica",12037.93,1312.0
"2018-12-24","Lunedi",4571.88,565.0
"2018-12-25","Martedi",1983.34,257.0
"2018-12-26","Mercoledi",8159.14,971.0
"2018-12-27","Giovedi",6821.68,843.0
"2018-12-28","Venerdi",8487.68,997.0
"2018-12-29","Sabato",11384.39,1337.0
"2018-12-30","Domenica",9859.58,1101.0
"2018-12-31","Lunedi",2832.3,339.0
"2019-01-01","Martedi",6750.05,734.0
"2019-01-02","Mercoledi",6737.33,767.0
"2019-01-03","Giovedi",7012.8,796.0
"2019-01-04","Venerdi",7449.76,877.0
"2019-01-05","Sabato",13160.83,1505.0
"2019-01-06","Domenica",9310.02,1041.0
"2019-01-07","Lunedi",3035.37,397.0
"2019-01-08","Martedi",2932.31,358.0
"2019-01-09","Mercoledi",3684.71,452.0
"2019-01-10","Giovedi",3440.78,438.0
"2019-01-11","Venerdi",6640.89,804.0
"2019-01-12","Sabato",12052.7,1423.0
"2019-01-13","Domenica",10256.56,1133.0
"2019-01-14","Lunedi",3160.46,442.0
"2019-01-15","Martedi",3638.39,460.0
"2019-01-16","Mercoledi",4021.52,475.0
"2019-01-17","Giovedi",3778.44,463.0
"2019-01-18","Venerdi",6082.33,775.0
"2019-01-19","Sabato",9609.94,1152.0
"2019-01-20","Domenica",9531.4,1042.0
"2019-01-21","Lunedi",3159.82,419.0
"2019-01-22","Martedi",3267.15,418.0
"2019-01-23","Mercoledi",1891.8,262.0
"2019-01-24","Giovedi",3946.22,497.0
"2019-01-25","Venerdi",6541.06,822.0
"2019-01-26","Sabato",11377.61,1368.0
"2019-01-27","Domenica",8910.6,1045.0
"2019-01-28","Lunedi",3322.34,471.0
"2019-01-29","Martedi",3338.71,432.0
"2019-01-30","Mercoledi",2903.97,356.0
"2019-01-31","Giovedi",3002.35,370.0
"2019-02-01","Venerdi",4549.53,570.0
"2019-02-02","Sabato",10594.64,1214.0
"2019-02-03","Domenica",9951.75,1099.0
"2019-02-04","Lunedi",3573.24,474.0
"2019-02-05","Martedi",3562.61,448.0
"2019-02-06","Mercoledi",3958.38,505.0
"2019-02-07","Giovedi",3090.39,385.0
"2019-02-08","Venerdi",5646.48,693.0
"2019-02-09","Sabato",10765.95,1296.0
"2019-02-10","Domenica",9018.82,1008.0
"2019-02-11","Lunedi",3421.18,483.0
"2019-02-12","Martedi",3982.89,488.0
"2019-02-13","Mercoledi",4043.69,540.0
"2019-02-14","Giovedi",4813.19,620.0
"2019-02-15","Venerdi",6345.31,801.0
"2019-02-16","Sabato",11001.66,1332.0
"2019-02-17","Domenica",9302.67,1048.0
"2019-02-18","Lunedi",3080.71,457.0
"2019-02-19","Martedi",3387.51,458.0
"2019-02-20","Mercoledi",3745.61,469.0
"2019-02-21","Giovedi",4401.63,578.0
"2019-02-22","Venerdi",6599.42,809.0
"2019-02-23","Sabato",11078.52,1249.0
"2019-02-24","Domenica",8560.39,1003.0
"2019-02-25","Lunedi",3376.31,492.0
"2019-02-26","Martedi",3501.01,508.0
"2019-02-27","Mercoledi",3828.05,549.0
"2019-02-28","Giovedi",4270.47,596.0
"2019-03-01","Venerdi",6485.11,840.0
"2019-03-02","Sabato",10544.56,1422.0
"2019-03-03","Domenica",8858.41,1132.0
"2019-03-04","Lunedi",5437.22,677.0
"2019-03-05","Martedi",4920.21,590.0
"2019-03-06","Mercoledi",4062.91,540.0
"2019-03-07","Giovedi",3640.4,477.0
"2019-03-08","Venerdi",6403.51,811.0
"2019-03-09","Sabato",10535.59,1341.0
"2019-03-10","Domenica",8381.99,1005.0
"2019-03-11","Lunedi",2988.04,459.0
"2019-03-12","Martedi",3674.71,467.0
"2019-03-13","Mercoledi",3790.64,521.0
"2019-03-14","Giovedi",3710.22,530.0
"2019-03-15","Venerdi",5579.36,732.0
"2019-03-16","Sabato",10855.93,1385.0
"2019-03-17","Domenica",9611.32,1125.0
"2019-03-18","Lunedi",3916.77,553.0
"2019-03-19","Martedi",4027.99,528.0
"2019-03-20","Mercoledi",3652.4,468.0
"2019-03-21","Giovedi",3829.99,553.0
"2019-03-22","Venerdi",6528.48,842.0
"2019-03-23","Sabato",10419.31,1293.0
"2019-03-24","Domenica",8288.55,1011.0
"2019-03-25","Lunedi",3181.07,434.0
"2019-03-26","Martedi",3514.39,498.0
"2019-03-27","Mercoledi",3906.16,523.0
"2019-03-28","Giovedi",4466.76,610.0
"2019-03-29","Venerdi",5633.65,754.0
"2019-03-30","Sabato",10040.49,1299.0
"2019-03-31","Domenica",8337.43,987.0
"2019-04-01","Lunedi",3961.41,561.0
"2019-04-02","Martedi",3552.3,500.0
"2019-04-03","Mercoledi",4276.68,513.0
"2019-04-04","Giovedi",3599.57,523.0
"2019-04-05","Venerdi",6615.79,880.0
"2019-04-06","Sabato",10591.73,1286.0
"2019-04-07","Domenica",10514.58,1259.0
"2019-04-08","Lunedi",3443.76,496.0
"2019-04-09","Martedi",3868.72,512.0
"2019-04-10","Mercoledi",3461.54,478.0
"2019-04-11","Giovedi",4342.76,561.0
"2019-04-12","Venerdi",6961.4,899.0
"2019-04-13","Sabato",10486.91,1317.0
"2019-04-14","Domenica",10782.86,1173.0
"2019-04-15","Lunedi",3928.26,530.0
"2019-04-16","Martedi",4057.71,531.0
"2019-04-17","Mercoledi",5538.08,710.0
"2019-04-18","Giovedi",6972.1,911.0
"2019-04-19","Venerdi",6773.17,900.0
"2019-04-20","Sabato",10625.34,1338.0
"2019-04-21","Domenica",2532.04,290.0
"2019-04-22","Lunedi",6091.74,738.0
"2019-04-23","Martedi",7040.27,867.0
"2019-04-24","Mercoledi",7786.08,969.0
"2019-04-25","Giovedi",10266.48,1153.0
"2019-04-26","Venerdi",8838.38,1027.0
"2019-04-27","Sabato",10105.58,1302.0
"2019-04-28","Domenica",7520.54,898.0
"2019-04-29","Lunedi",4404.09,587.0
"2019-04-30","Martedi",6391.14,795.0
"2019-05-01","Mercoledi",6583.44,799.0
"2019-05-02","Giovedi",3300.88,457.0
"2019-05-03","Venerdi",6900.29,891.0
"2019-05-04","Sabato",8981.83,1119.0
"2019-05-05","Domenica",10350.35,1297.0
"2019-05-06","Lunedi",3632.61,482.0
"2019-05-07","Martedi",3715.51,463.0
"2019-05-08","Mercoledi",4181.5,524.0
"2019-05-09","Giovedi",4270.09,550.0
"2019-05-10","Venerdi",6768.63,844.0
"2019-05-11","Sabato",10110.52,1283.0
"2019-05-12","Domenica",8726.01,1043.0
"2019-05-13","Lunedi",3973.74,514.0
"2019-05-14","Martedi",3556.26,515.0
"2019-05-15","Mercoledi",4876.17,602.0
"2019-05-16","Giovedi",4655.67,709.0
"2019-05-17","Venerdi",6545.1,843.0
"2019-05-18","Sabato",11988.42,1348.0
"2019-05-19","Domenica",10034.85,1135.0
"2019-05-20","Lunedi",3370.59,459.0
"2019-05-21","Martedi",3814.08,477.0
"2019-05-22","Mercoledi",4372.19,551.0
"2019-05-23","Giovedi",4850.49,626.0
"2019-05-24","Venerdi",6137.82,787.0
"2019-05-25","Sabato",9634.46,1129.0
"2019-05-26","Domenica",9047.01,1021.0
"2019-05-27","Lunedi",4929.93,633.0
"2019-05-28","Martedi",3713.5,539.0
"2019-05-29","Mercoledi",3934.4,577.0
"2019-05-30","Giovedi",4010.07,569.0
"2019-05-31","Venerdi",5230.62,735.0
"2019-06-01","Sabato",8449.73,1130.0
"2019-06-02","Domenica",7178.12,906.0
"2019-06-03","Lunedi",3469.55,481.0
"2019-06-04","Martedi",3598.06,495.0
"2019-06-05","Mercoledi",3720.97,533.0
"2019-06-06","Giovedi",3914.39,540.0
"2019-06-07","Venerdi",6297.41,754.0
"2019-06-08","Sabato",8275.45,1049.0
"2019-06-09","Domenica",8550.77,1037.0
"2019-06-10","Lunedi",4159.15,533.0
"2019-06-11","Martedi",4184.89,551.0
"2019-06-12","Mercoledi",3953.47,499.0
"2019-06-13","Giovedi",4217.67,555.0
"2019-06-14","Venerdi",6437.1,779.0
"2019-06-15","Sabato",8574.9,1001.0
"2019-06-16","Domenica",7492.98,921.0
"2019-06-17","Lunedi",3873.36,535.0
"2019-06-18","Martedi",3850.91,484.0
"2019-06-19","Mercoledi",4022.87,506.0
"2019-06-20","Giovedi",4483.75,596.0
"2019-06-21","Venerdi",5998.28,742.0
"2019-06-22","Sabato",9033.21,1146.0
"2019-06-23","Domenica",6667.7,842.0
"2019-06-24","Lunedi",4016.23,515.0
"2019-06-25","Martedi",4137.32,556.0
"2019-06-26","Mercoledi",4163.49,567.0
"2019-06-27","Giovedi",4256.62,593.0
"2019-06-28","Venerdi",6394.22,775.0
"2019-06-29","Sabato",7594.21,921.0
"2019-06-30","Domenica",8343.92,1048.0
"2019-07-01","Lunedi",4460.56,594.0
"2019-07-02","Martedi",4459.92,619.0
"2019-07-03","Mercoledi",4463.7,646.0
"2019-07-04","Giovedi",4459.73,585.0
"2019-07-05","Venerdi",6267.79,844.0
"2019-07-06","Sabato",9877.73,1240.0
"2019-07-07","Domenica",9029.05,1099.0
"2019-07-08","Lunedi",4560.86,624.0
"2019-07-09","Martedi",5139.0,683.0
"2019-07-10","Mercoledi",6205.11,872.0
"2019-07-11","Giovedi",5405.49,695.0
"2019-07-12","Venerdi",6975.42,889.0
"2019-07-13","Sabato",10238.67,1294.0
"2019-07-14","Domenica",10121.24,1167.0
"2019-07-15","Lunedi",6441.35,811.0
"2019-07-16","Martedi",4266.63,558.0
"2019-07-17","Mercoledi",4614.17,597.0
"2019-07-18","Giovedi",4994.9,659.0
"2019-07-19","Venerdi",5702.04,773.0
"2019-07-20","Sabato",9337.42,1128.0
"2019-07-21","Domenica",7812.86,979.0
"2019-07-22","Lunedi",4530.58,645.0
"2019-07-23","Martedi",4339.91,568.0
"2019-07-24","Mercoledi",4407.6,616.0
"2019-07-25","Giovedi",4642.0,596.0
"2019-07-26","Venerdi",5936.7,783.0
"2019-07-27","Sabato",9941.43,1221.0
"2019-07-28","Domenica",11028.45,1263.0
"2019-07-29","Lunedi",4528.27,628.0
"2019-07-30","Martedi",4430.97,580.0
"2019-07-31","Mercoledi",4453.29,621.0
"2019-08-01","Giovedi",5137.09,656.0
"2019-08-02","Venerdi",6088.15,764.0
"2019-08-03","Sabato",8068.59,1012.0
"2019-08-04","Domenica",7422.74,946.0
"2019-08-05","Lunedi",4736.57,633.0
"2019-08-06","Martedi",4402.41,600.0
"2019-08-07","Mercoledi",4815.4,628.0
"2019-08-08","Giovedi",5442.29,670.0
"2019-08-09","Venerdi",5179.92,675.0
"2019-08-10","Sabato",7835.34,990.0
"2019-08-11","Domenica",7192.01,882.0
"2019-08-12","Lunedi",5748.51,648.0
"2019-08-13","Martedi",5368.54,669.0
"2019-08-14","Mercoledi",5474.04,667.0
"2019-08-15","Giovedi",2267.88,254.0
"2019-08-16","Venerdi",5726.9,668.0
"2019-08-17","Sabato",7445.84,973.0
"2019-08-18","Domenica",7162.79,843.0
"2019-08-19","Lunedi",5160.79,683.0
"2019-08-20","Martedi",4738.59,591.0
"2019-08-21","Mercoledi",6281.24,700.0
"2019-08-22","Giovedi",5581.85,679.0
"2019-08-23","Venerdi",6658.52,826.0
"2019-08-24","Sabato",10222.91,1218.0
"2019-08-25","Domenica",8684.62,1012.0
"2019-08-26","Lunedi",4586.68,596.0
"2019-08-27","Martedi",4780.81,600.0
"2019-08-28","Mercoledi",6742.8,833.0
"2019-08-29","Giovedi",5661.24,691.0
"2019-08-30","Venerdi",6307.81,844.0
"2019-08-31","Sabato",9260.66,1146.0
"2019-09-01","Domenica",9559.35,1128.0
"2019-09-02","Lunedi",4998.2,600.0
"2019-09-03","Martedi",5173.43,681.0
"2019-09-04","Mercoledi",5750.51,732.0
"2019-09-05","Giovedi",6136.12,773.0
"2019-09-06","Venerdi",8065.88,1047.0
"2019-09-07","Sabato",10129.31,1273.0
"2019-09-08","Domenica",9890.83,1092.0
"2019-09-09","Lunedi",5825.75,716.0
"2019-09-10","Martedi",5848.5,687.0
"2019-09-11","Mercoledi",5242.76,670.0
"2019-09-12","Giovedi",5014.96,608.0
"2019-09-13","Venerdi",7020.59,878.0
"2019-09-14","Sabato",10737.84,1230.0
"2019-09-15","Domenica",9416.44,1104.0
"2019-09-16","Lunedi",3900.53,490.0
"2019-09-17","Martedi",4181.51,580.0
"2019-09-18","Mercoledi",4681.61,610.0
"2019-09-19","Giovedi",5252.08,728.0
"2019-09-20","Venerdi",6964.53,864.0
"2019-09-21","Sabato",10231.77,1202.0
"2019-09-22","Domenica",9241.11,1037.0
"2019-09-23","Lunedi",3807.86,484.0
"2019-09-24","Martedi",3877.35,473.0
"2019-09-25","Mercoledi",3991.29,494.0
"2019-09-26","Giovedi",3842.37,493.0
"2019-09-27","Venerdi",6461.8,806.0
"2019-09-28","Sabato",10222.24,1186.0
"2019-09-29","Domenica",9209.18,1071.0
"2019-09-30","Lunedi",3281.88,447.0
"2019-10-01","Martedi",3640.64,457.0
"2019-10-02","Mercoledi",3756.39,461.0
"2019-10-03","Giovedi",4092.11,511.0
"2019-10-04","Venerdi",5864.6,731.0
"2019-10-05","Sabato",10125.49,1174.0
"2019-10-06","Domenica",9252.63,1075.0
"2019-10-07","Lunedi",3842.52,471.0
"2019-10-08","Martedi",4187.47,467.0
"2019-10-09","Mercoledi",4119.36,520.0
"2019-10-10","Giovedi",4028.74,532.0
"2019-10-11","Venerdi",6637.52,832.0
"2019-10-12","Sabato",11155.14,1312.0
"2019-10-13","Domenica",9982.59,1101.0
"2019-10-14","Lunedi",3760.55,471.0
"2019-10-15","Martedi",4266.11,572.0
"2019-10-16","Mercoledi",4650.33,571.0
"2019-10-17","Giovedi",3968.42,533.0
"2019-10-18","Venerdi",7209.55,843.0
"2019-10-19","Sabato",11685.63,1319.0
"2019-10-20","Domenica",10499.96,1235.0
"2019-10-21","Lunedi",3062.43,398.0
"2019-10-22","Martedi",4584.58,546.0
"2019-10-23","Mercoledi",4181.7,524.0
"2019-10-24","Giovedi",4185.47,524.0
"2019-10-25","Venerdi",7067.12,876.0
"2019-10-26","Sabato",12282.79,1401.0
"2019-10-27","Domenica",10698.16,1155.0
"2019-10-28","Lunedi",3945.34,512.0
"2019-10-29","Martedi",4256.48,502.0
"2019-10-30","Mercoledi",4485.13,570.0
"2019-10-31","Giovedi",9628.37,1077.0
"2019-11-01","Venerdi",9926.2,1027.0
"2019-11-02","Sabato",12124.87,1339.0
"2019-11-03","Domenica",10923.8,1209.0
"2019-11-04","Lunedi",4062.21,511.0
"2019-11-05","Martedi",3945.44,518.0
"2019-11-06","Mercoledi",3810.52,505.0
"2019-11-07","Giovedi",4203.71,532.0
"2019-11-08","Venerdi",6780.29,841.0
"2019-11-09","Sabato",11472.29,1349.0
"2019-11-10","Domenica",11212.27,1260.0
"2019-11-11","Lunedi",3607.72,456.0
"2019-11-12","Martedi",4061.04,499.0
"2019-11-13","Mercoledi",4159.96,531.0
"2019-11-14","Giovedi",4000.0,512.0
"2019-11-15","Venerdi",6637.12,807.0
"2019-11-16","Sabato",11279.04,1274.0
"2019-11-17","Domenica",11770.17,1300.0
"2019-11-18","Lunedi",3767.34,510.0
"2019-11-19","Martedi",3704.8,502.0
"2019-11-20","Mercoledi",4145.02,579.0
"2019-11-21","Giovedi",4650.92,603.0
"2019-11-22","Venerdi",6774.66,864.0
"2019-11-23","Sabato",11047.6,1367.0
"2019-11-24","Domenica",11048.34,1277.0
"2019-11-25","Lunedi",3646.84,494.0
"2019-11-26","Martedi",3631.83,472.0
"2019-11-27","Mercoledi",4507.6,556.0
"2019-11-28","Giovedi",4450.41,534.0
"2019-11-29","Venerdi",8160.59,948.0
"2019-11-30","Sabato",12471.61,1412.0
"2019-12-01","Domenica",12009.94,1258.0
"2019-12-02","Lunedi",4464.32,542.0
"2019-12-03","Martedi",3915.95,527.0
"2019-12-04","Mercoledi",4619.52,568.0
"2019-12-05","Giovedi",4519.47,550.0
"2019-12-06","Venerdi",7180.84,859.0
"2019-12-07","Sabato",10553.4,1250.0
"2019-12-08","Domenica",11494.23,1297.0
"2019-12-09","Lunedi",5096.09,597.0
"2019-12-10","Martedi",4988.83,703.0
"2019-12-11","Mercoledi",5698.18,620.0
"2019-12-12","Giovedi",4851.94,702.0
"2019-12-13","Venerdi",7389.52,850.0
"2019-12-14","Sabato",12853.47,1457.0
"2019-12-15","Domenica",12064.05,1260.0
"2019-12-16","Lunedi",4554.77,577.0
"2019-12-17","Martedi",4917.9,664.0
"2019-12-18","Mercoledi",5866.04,674.0
"2019-12-19","Giovedi",6388.26,808.0
"2019-12-20","Venerdi",8623.82,1005.0
"2019-12-21","Sabato",14093.94,1611.0
"2019-12-22","Domenica",15255.82,1587.0
"2019-12-23","Lunedi",8227.38,951.0
"2019-12-24","Martedi",4747.06,554.0
"2019-12-25","Mercoledi",2725.79,340.0
"2019-12-26","Giovedi",8980.87,976.0
"2019-12-27","Venerdi",9607.42,1104.0
"2019-12-28","Sabato",12422.38,1521.0
"2019-12-29","Domenica",10606.49,1219.0
"2019-12-30","Lunedi",7996.92,894.0
"2019-12-31","Martedi",3224.15,361.0
"2020-01-01","Mercoledi",9214.8,1056.0
"2020-01-02","Giovedi",8445.76,969.0
"2020-01-03","Venerdi",8462.55,945.0
"2020-01-04","Sabato",13169.56,1485.0
"2020-01-05","Domenica",11783.42,1411.0
"2020-01-06","Lunedi",6717.46,765.0
"2020-01-07","Martedi",3328.15,465.0
"2020-01-08","Mercoledi",3409.7,448.0
"2020-01-09","Giovedi",3769.4,466.0
"2020-01-10","Venerdi",6274.31,801.0
"2020-01-11","Sabato",10999.62,1364.0
"2020-01-12","Domenica",10587.15,1201.0
"2020-01-13","Lunedi",3209.15,435.0
"2020-01-14","Martedi",3768.5,473.0
"2020-01-15","Mercoledi",3721.71,492.0
"2020-01-16","Giovedi",4318.91,539.0
"2020-01-17","Venerdi",6631.16,779.0
"2020-01-18","Sabato",10841.65,1191.0
"2020-01-19","Domenica",11232.36,1237.0
"2020-01-20","Lunedi",3663.6,458.0
"2020-01-21","Martedi",3392.21,439.0
"2020-01-22","Mercoledi",4166.24,519.0
"2020-01-23","Giovedi",4439.53,590.0
"2020-01-24","Venerdi",5890.46,741.0
"2020-01-25","Sabato",11516.11,1416.0
"2020-01-26","Domenica",10399.06,1148.0
"2020-01-27","Lunedi",3024.65,443.0
"2020-01-28","Martedi",3376.2,476.0
"2020-01-29","Mercoledi",3599.28,507.0
"2020-01-30","Giovedi",3752.72,522.0
"2020-01-31","Venerdi",6310.65,838.0
"2020-02-01","Sabato",11945.49,1395.0
"2020-02-02","Domenica",10780.59,1291.0
"2020-02-03","Lunedi",3522.53,475.0
"2020-02-04","Martedi",3820.42,491.0
"2020-02-05","Mercoledi",4379.08,548.0
"2020-02-06","Giovedi",4308.46,517.0
"2020-02-07","Venerdi",6150.33,761.0
"2020-02-08","Sabato",10467.55,1303.0
"2020-02-09","Domenica",10653.56,1170.0
"2020-02-10","Lunedi",3140.67,463.0
"2020-02-11","Martedi",3860.1,495.0
"2020-02-12","Mercoledi",4234.23,560.0
"2020-02-13","Giovedi",3967.0,540.0
"2020-02-14","Venerdi",7941.51,966.0
"2020-02-15","Sabato",10688.07,1264.0
"2020-02-16","Domenica",10672.35,1205.0
"2020-02-17","Lunedi",3964.21,524.0
"2020-02-18","Martedi",3474.67,450.0
"2020-02-19","Mercoledi",3909.77,492.0
"2020-02-20","Giovedi",4491.6,549.0
"2020-02-21","Venerdi",6566.87,779.0
"2020-02-22","Sabato",8489.01,1086.0
"2020-02-23","Domenica",5477.0,691.0
"2020-02-24","Lunedi",2480.48,323.0
"2020-02-25","Martedi",2088.92,257.0
"2020-02-26","Mercoledi",2705.52,305.0
"2020-02-27","Giovedi",2945.72,357.0
"2020-02-28","Venerdi",4302.04,496.0
"2020-02-29","Sabato",5492.04,605.0
"2020-03-01","Domenica",4683.79,514.0
"2020-03-02","Lunedi",3142.01,402.0
"2020-03-03","Martedi",3350.54,445.0
"2020-03-04","Mercoledi",3307.54,448.0
"2020-03-05","Giovedi",3507.76,461.0
"2020-03-06","Venerdi",3650.03,493.0
"2020-03-07","Sabato",5035.96,557.0
"2020-03-08","Domenica",1776.08,232.0
"2020-03-09","Lunedi",1368.11,184.0
"2020-03-10","Martedi",1108.51,142.0
"2020-03-11","Mercoledi",1012.56,135.0
"2020-03-12","Giovedi",0.0,0.0
"2020-03-13","Venerdi",0.0,0.0
"2020-03-14","Sabato",0.0,0.0
"2020-03-15","Domenica",0.0,0.0
"2020-03-16","Lunedi",0.0,0.0
"2020-03-17","Martedi",0.0,0.0
"2020-03-18","Mercoledi",0.0,0.0
"2020-03-19","Giovedi",0.0,0.0
"2020-03-20","Venerdi",0.0,0.0
"2020-03-21","Sabato",0.0,0.0
"2020-03-22","Domenica",0.0,0.0
"2020-03-23","Lunedi",0.0,0.0
"2020-03-24","Martedi",0.0,0.0
"2020-03-25","Mercoledi",0.0,0.0
"2020-03-26","Giovedi",0.0,0.0
"2020-03-27","Venerdi",0.0,0.0
"2020-03-28","Sabato",0.0,0.0
"2020-03-29","Domenica",0.0,0.0
"2020-03-30","Lunedi",0.0,0.0
"2020-03-31","Martedi",0.0,0.0
"2020-04-01","Mercoledi",0.0,0.0
"2020-04-02","Giovedi",0.0,0.0
"2020-04-03","Venerdi",0.0,0.0
"2020-04-04","Sabato",0.0,0.0
"2020-04-05","Domenica",0.0,0.0
"2020-04-06","Lunedi",0.0,0.0
"2020-04-07","Martedi",0.0,0.0
"2020-04-08","Mercoledi",0.0,0.0
"2020-04-09","Giovedi",0.0,0.0
"2020-04-10","Venerdi",0.0,0.0
"2020-04-11","Sabato",0.0,0.0
"2020-04-12","Domenica",0.0,0.0
"2020-04-13","Lunedi",0.0,0.0
"2020-04-14","Martedi",0.0,0.0
"2020-04-15","Mercoledi",0.0,0.0
"2020-04-16","Giovedi",0.0,0.0
"2020-04-17","Venerdi",0.0,0.0
"2020-04-18","Sabato",0.0,0.0
"2020-04-19","Domenica",0.0,0.0
"2020-04-20","Lunedi",0.0,0.0
"2020-04-21","Martedi",0.0,0.0
"2020-04-22","Mercoledi",0.0,0.0
"2020-04-23","Giovedi",0.0,0.0
"2020-04-24","Venerdi",0.0,0.0
"2020-04-25","Sabato",0.0,0.0
"2020-04-26","Domenica",0.0,0.0
"2020-04-27","Lunedi",0.0,0.0
"2020-04-28","Martedi",0.0,0.0
"2020-04-29","Mercoledi",0.0,0.0
"2020-04-30","Giovedi",0.0,0.0
"2020-05-01","Venerdi",0.0,0.0
"2020-05-02","Sabato",0.0,0.0
"2020-05-03","Domenica",0.0,0.0
"2020-05-04","Lunedi",0.0,0.0
"2020-05-05","Martedi",0.0,0.0
"2020-05-06","Mercoledi",0.0,0.0
"2020-05-07","Giovedi",2833.06,181.0
"2020-05-08","Venerdi",3441.45,239.0
"2020-05-09","Sabato",4755.26,296.0
"2020-05-10","Domenica",3342.64,209.0
"2020-05-11","Lunedi",3043.79,237.0
"2020-05-12","Martedi",2364.66,200.0
"2020-05-13","Mercoledi",3052.85,228.0
"2020-05-14","Giovedi",2870.9,241.0
"2020-05-15","Venerdi",3747.2,290.0
"2020-05-16","Sabato",4486.81,315.0
"2020-05-17","Domenica",4147.44,273.0
"2020-05-18","Lunedi",4238.92,329.0
"2020-05-19","Martedi",3913.37,311.0
"2020-05-20","Mercoledi",3418.84,297.0
"2020-05-21","Giovedi",3860.33,323.0
"2020-05-22","Venerdi",4262.53,351.0
"2020-05-23","Sabato",6147.2,458.0
"2020-05-24","Domenica",5484.13,457.0
"2020-05-25","Lunedi",3549.51,326.0
"2020-05-26","Martedi",3688.63,321.0
"2020-05-27","Mercoledi",3194.59,307.0
"2020-05-28","Giovedi",3300.72,329.0
"2020-05-29","Venerdi",4566.5,367.0
"2020-05-30","Sabato",6108.4,497.0
"2020-05-31","Domenica",5671.72,490.0
"2020-06-01","Lunedi",4861.09,420.0
"2020-06-02","Martedi",4431.18,376.0
"2020-06-03","Mercoledi",4000.07,353.0
"2020-06-04","Giovedi",4050.88,369.0
"2020-06-05","Venerdi",3859.69,384.0
"2020-06-06","Sabato",6247.77,568.0
"2020-06-07","Domenica",7193.19,606.0
"2020-06-08","Lunedi",4290.1,376.0
"2020-06-09","Martedi",4151.75,355.0
"2020-06-10","Mercoledi",4008.4,384.0
"2020-06-11","Giovedi",4910.07,427.0
"2020-06-12","Venerdi",4845.58,430.0
"2020-06-13","Sabato",6043.92,525.0
"2020-06-14","Domenica",5773.51,477.0
"2020-06-15","Lunedi",3887.75,364.0
"2020-06-16","Martedi",3619.1,350.0
"2020-06-17","Mercoledi",4100.45,374.0
"2020-06-18","Giovedi",4102.31,371.0
"2020-06-19","Venerdi",4524.19,424.0
"2020-06-20","Sabato",5686.45,485.0
"2020-06-21","Domenica",5205.16,467.0
"2020-06-22","Lunedi",2775.33,296.0
"2020-06-23","Martedi",3488.04,347.0
"2020-06-24","Mercoledi",3804.63,383.0
"2020-06-25","Giovedi",4052.8,412.0
"2020-06-26","Venerdi",4690.55,422.0
"2020-06-27","Sabato",5213.19,501.0
"2020-06-28","Domenica",6122.27,518.0
"2020-06-29","Lunedi",3494.59,379.0
"2020-06-30","Martedi",3758.35,373.0
"2020-07-01","Mercoledi",4037.81,397.0
"2020-07-02","Giovedi",3868.57,397.0
"2020-07-03","Venerdi",4314.06,434.0
"2020-07-04","Sabato",5829.96,525.0
"2020-07-05","Domenica",5179.27,465.0
"2020-07-06","Lunedi",3968.74,413.0
"2020-07-07","Martedi",3585.61,379.0
"2020-07-08","Mercoledi",3562.19,387.0
"2020-07-09","Giovedi",3388.36,338.0
"2020-07-10","Venerdi",4356.12,426.0
"2020-07-11","Sabato",5773.58,565.0
"2020-07-12","Domenica",6111.41,554.0
"2020-07-13","Lunedi",3524.97,386.0
"2020-07-14","Martedi",3668.91,392.0
"2020-07-15","Mercoledi",4227.02,422.0
"2020-07-16","Giovedi",4082.52,427.0
"2020-07-17","Venerdi",4262.2,437.0
"2020-07-18","Sabato",6105.8,576.0
"2020-07-19","Domenica",5768.24,511.0
"2020-07-20","Lunedi",3445.09,355.0
"2020-07-21","Martedi",3535.51,393.0
"2020-07-22","Mercoledi",3888.35,422.0
"2020-07-23","Giovedi",3665.17,400.0
"2020-07-24","Venerdi",4804.15,450.0
"2020-07-25","Sabato",6119.9,579.0
"2020-07-26","Domenica",5754.6,505.0
"2020-07-27","Lunedi",3543.43,389.0
"2020-07-28","Martedi",2998.24,332.0
"2020-07-29","Mercoledi",3858.94,394.0
"2020-07-30","Giovedi",3255.46,369.0
"2020-07-31","Venerdi",4376.58,444.0
"2020-08-01","Sabato",5404.23,518.0
"2020-08-02","Domenica",6567.22,629.0
"2020-08-03","Lunedi",4661.95,504.0
"2020-08-04","Martedi",4505.42,493.0
"2020-08-05","Mercoledi",3869.65,415.0
"2020-08-06","Giovedi",3945.53,416.0
"2020-08-07","Venerdi",4253.11,441.0
"2020-08-08","Sabato",5820.7,547.0
"2020-08-09","Domenica",5372.56,507.0
"2020-08-10","Lunedi",4153.76,409.0
"2020-08-11","Martedi",4031.27,397.0
"2020-08-12","Mercoledi",4004.42,416.0
"2020-08-13","Giovedi",3737.67,442.0
"2020-08-14","Venerdi",4842.75,477.0
"2020-08-15","Sabato",2046.3,188.0
"2020-08-16","Domenica",5657.46,528.0
"2020-08-17","Lunedi",4557.15,427.0
"2020-08-18","Martedi",4282.62,427.0
"2020-08-19","Mercoledi",4134.81,422.0
"2020-08-20","Giovedi",4256.12,420.0
"2020-08-21","Venerdi",3918.73,409.0
"2020-08-22","Sabato",5735.66,557.0
"2020-08-23","Domenica",5414.84,530.0
"2020-08-24","Lunedi",4242.43,436.0
"2020-08-25","Martedi",3789.89,415.0
"2020-08-26","Mercoledi",4478.66,413.0
"2020-08-27","Giovedi",4530.64,452.0
"2020-08-28","Venerdi",5103.61,515.0
"2020-08-29","Sabato",6960.78,726.0
"2020-08-30","Domenica",7630.13,693.0
"2020-08-31","Lunedi",4629.52,505.0
"2020-09-01","Martedi",4896.35,461.0
"2020-09-02","Mercoledi",5144.07,535.0
"2020-09-03","Giovedi",4664.74,504.0
"2020-09-04","Venerdi",5555.9,562.0
"2020-09-05","Sabato",6412.73,658.0
"2020-09-06","Domenica",6762.3,658.0
"2020-09-07","Lunedi",4870.98,501.0
"2020-09-08","Martedi",5162.03,525.0
"2020-09-09","Mercoledi",4574.97,471.0
"2020-09-10","Giovedi",4942.22,500.0
"2020-09-11","Venerdi",5992.31,594.0
"2020-09-12","Sabato",6877.83,730.0
"2020-09-13","Domenica",6312.88,584.0
"2020-09-14","Lunedi",4367.88,443.0
"2020-09-15","Martedi",4156.84,438.0
"2020-09-16","Mercoledi",4238.06,411.0
"2020-09-17","Giovedi",3761.86,386.0
"2020-09-18","Venerdi",5620.28,541.0
"2020-09-19","Sabato",7235.13,702.0
"2020-09-20","Domenica",7080.43,689.0
"2020-09-21","Lunedi",4494.35,485.0
"2020-09-22","Martedi",3660.48,399.0
"2020-09-23","Mercoledi",4264.66,451.0
"2020-09-24","Giovedi",4012.95,440.0
"2020-09-25","Venerdi",5259.63,543.0
"2020-09-26","Sabato",7321.1,777.0
"2020-09-27","Domenica",6782.41,711.0
"2020-09-28","Lunedi",3785.67,433.0
"2020-09-29","Martedi",3648.58,421.0
"2020-09-30","Mercoledi",4034.58,443.0
"2020-10-01","Giovedi",3982.48,436.0
"2020-10-02","Venerdi",5444.7,580.0
"2020-10-03","Sabato",7409.74,760.0
"2020-10-04","Domenica",7277.45,647.0
"2020-10-05","Lunedi",3383.92,381.0
"2020-10-06","Martedi",3278.21,367.0
"2020-10-07","Mercoledi",4118.42,429.0
"2020-10-08","Giovedi",3936.85,412.0
"2020-10-09","Venerdi",5226.91,558.0
"2020-10-10","Sabato",7444.55,767.0
"2020-10-11","Domenica",6614.47,637.0
"2020-10-12","Lunedi",3257.83,383.0
"2020-10-13","Martedi",3521.15,362.0
"2020-10-14","Mercoledi",3979.0,410.0
"2020-10-15","Giovedi",3736.99,405.0
"2020-10-16","Venerdi",5659.22,540.0
"2020-10-17","Sabato",7452.61,709.0
"2020-10-18","Domenica",7009.41,692.0
"2020-10-19","Lunedi",3100.17,348.0
"2020-10-20","Martedi",3384.07,380.0
"2020-10-21","Mercoledi",3490.37,350.0
"2020-10-22","Giovedi",4263.87,466.0
"2020-10-23","Venerdi",5139.76,494.0
"2020-10-24","Sabato",4939.82,439.0
"2020-10-25","Domenica",3685.42,362.0
"2020-10-26","Lunedi",3205.62,320.0
"2020-10-27","Martedi",3539.4,352.0
"2020-10-28","Mercoledi",3568.9,347.0
"2020-10-29","Giovedi",3908.04,378.0
"2020-10-30","Venerdi",5361.92,475.0
"2020-10-31","Sabato",5225.52,406.0
"2020-11-01","Domenica",4007.19,341.0
"2020-11-02","Lunedi",3920.6,390.0
"2020-11-03","Martedi",3383.6,320.0
"2020-11-04","Mercoledi",4554.6,417.0
"2020-11-05","Giovedi",4724.01,445.0
"2020-11-06","Venerdi",2089.27,168.0
"2020-11-07","Sabato",1665.15,130.0
"2020-11-08","Domenica",1369.94,103.0
"2020-11-09","Lunedi",2198.59,204.0
"2020-11-10","Martedi",1950.44,188.0
"2020-11-11","Mercoledi",2213.28,200.0
"2020-11-12","Giovedi",2294.09,211.0
"2020-11-13","Venerdi",3196.73,251.0
"2020-11-14","Sabato",2992.82,230.0
"2020-11-15","Domenica",1927.83,168.0
"2020-11-16","Lunedi",2319.99,228.0
"2020-11-17","Martedi",2311.23,219.0
"2020-11-18","Mercoledi",2536.06,227.0
"2020-11-19","Giovedi",2366.91,226.0
"2020-11-20","Venerdi",3226.23,273.0
"2020-11-21","Sabato",3585.07,271.0
"2020-11-22","Domenica",2437.37,189.0
"2020-11-23","Lunedi",2597.33,238.0
"2020-11-24","Martedi",2580.5,243.0
"2020-11-25","Mercoledi",2818.46,251.0
"2020-11-26","Giovedi",2903.93,261.0
"2020-11-27","Venerdi",3758.04,302.0
"2020-11-28","Sabato",3719.58,305.0
"2020-11-29","Domenica",3407.76,299.0
"2020-11-30","Lunedi",3713.41,342.0
"2020-12-01","Martedi",3660.29,330.0
"2020-12-02","Mercoledi",3491.82,308.0
"2020-12-03","Giovedi",3820.83,346.0
"2020-12-04","Venerdi",2708.39,224.0
"2020-12-05","Sabato",4190.38,312.0
"2020-12-06","Domenica",3793.38,312.0
"2020-12-07","Lunedi",4731.0,395.0
"2020-12-08","Martedi",2589.63,208.0
"2020-12-09","Mercoledi",3955.02,386.0
"2020-12-10","Giovedi",4302.03,384.0
"2020-12-11","Venerdi",5148.01,420.0
"2020-12-12","Sabato",4720.38,375.0
"2020-12-13","Domenica",6364.0,512.0
"2020-12-14","Lunedi",4521.37,444.0
"2020-12-15","Martedi",4850.81,472.0
"2020-12-16","Mercoledi",5516.68,483.0
"2020-12-17","Giovedi",5393.15,488.0
"2020-12-18","Venerdi",7324.08,679.0
"2020-12-19","Sabato",6623.2,536.0
"2020-12-20","Domenica",5381.33,426.0
"2020-12-21","Lunedi",5704.94,500.0
"2020-12-22","Martedi",6130.58,530.0
"2020-12-23","Mercoledi",6999.83,592.0
"2020-12-24","Giovedi",797.84,75.0
"2020-12-25","Venerdi",0.0,0.0
"2020-12-26","Sabato",0.0,0.0
"2020-12-27","Domenica",2499.35,180.0
"2020-12-28","Lunedi",3812.24,305.0
"2020-12-29","Martedi",5576.64,445.0
"2020-12-30","Mercoledi",6583.79,505.0
"2020-12-31","Giovedi",988.01,87.0
"2021-01-01","Venerdi",0.0,0.0
"2021-01-02","Sabato",3565.58,258.0
"2021-01-03","Domenica",2790.72,200.0
"2021-01-04","Lunedi",6133.87,521.0
"2021-01-05","Martedi",2758.83,235.0
"2021-01-06","Mercoledi",0.0,0.0
"2021-01-07","Giovedi",5031.36,470.0
"2021-01-08","Venerdi",6167.97,522.0
"2021-01-09","Sabato",4348.97,333.0
"2021-01-10","Domenica",2928.38,244.0
"2021-01-11","Lunedi",3480.08,339.0
"2021-01-12","Martedi",3707.6,341.0
"2021-01-13","Mercoledi",3830.08,334.0
"2021-01-14","Giovedi",4326.33,359.0
"2021-01-15","Venerdi",4930.71,413.0
"2021-01-16","Sabato",5260.49,412.0
"2021-01-17","Domenica",2347.56,157.0
"2021-01-18","Lunedi",2153.75,214.0
"2021-01-19","Martedi",2325.64,202.0
"2021-01-20","Mercoledi",3145.38,254.0
"2021-01-21","Giovedi",2389.16,238.0
"2021-01-22","Venerdi",3503.03,291.0
"2021-01-23","Sabato",3594.15,281.0
"2021-01-24","Domenica",4192.57,337.0
"2021-01-25","Lunedi",3933.04,361.0
"2021-01-26","Martedi",3974.47,373.0
"2021-01-27","Mercoledi",3889.48,349.0
"2021-01-28","Giovedi",3919.92,373.0
"2021-01-29","Venerdi",5543.71,477.0
"2021-01-30","Sabato",4391.08,376.0
"2021-01-31","Domenica",4520.63,372.0
"2021-02-01","Lunedi",3615.87,382.0
"2021-02-02","Martedi",3746.01,377.0
"2021-02-03","Mercoledi",4019.6,399.0
"2021-02-04","Giovedi",3850.25,393.0
"2021-02-05","Venerdi",4819.75,446.0
"2021-02-06","Sabato",6017.16,533.0
"2021-02-07","Domenica",5092.75,430.0
"2021-02-08","Lunedi",2954.25,315.0
"2021-02-09","Martedi",3861.27,389.0
"2021-02-10","Mercoledi",4226.62,383.0
"2021-02-11","Giovedi",4364.89,400.0
"2021-02-12","Venerdi",5342.62,482.0
"2021-02-13","Sabato",5796.85,496.0
"2021-02-14","Domenica",6122.82,498.0
"2021-02-15","Lunedi",5592.8,530.0
"2021-02-16","Martedi",4973.45,437.0
"2021-02-17","Mercoledi",3646.88,370.0
"2021-02-18","Giovedi",3638.79,331.0
"2021-02-19","Venerdi",4767.17,443.0
"2021-02-20","Sabato",5962.65,518.0
"2021-02-21","Domenica",4854.29,431.0
"2021-02-22","Lunedi",3391.98,350.0
"2021-02-23","Martedi",3438.25,354.0
"2021-02-24","Mercoledi",3635.32,350.0
"2021-02-25","Giovedi",3798.21,395.0
"2021-02-26","Venerdi",5528.75,509.0
"2021-02-27","Sabato",5722.01,499.0
"2021-02-28","Domenica",5206.8,468.0
"2021-03-01","Lunedi",2717.11,294.0
"2021-03-02","Martedi",3170.77,305.0
"2021-03-03","Mercoledi",3412.95,314.0
"2021-03-04","Giovedi",3978.73,376.0
"2021-03-05","Venerdi",3706.87,354.0
"2021-03-06","Sabato",3163.07,275.0
"2021-03-07","Domenica",2733.1,234.0
"2021-03-08","Lunedi",2707.27,243.0
"2021-03-09","Martedi",2822.03,290.0
"2021-03-10","Mercoledi",3767.85,342.0
"2021-03-11","Giovedi",3489.53,334.0
"2021-03-12","Venerdi",4643.56,415.0
"2021-03-13","Sabato",4333.01,343.0
"2021-03-14","Domenica",3576.62,310.0
"2021-03-15","Lunedi",2049.81,190.0
"2021-03-16","Martedi",2368.67,229.0
"2021-03-17","Mercoledi",2735.08,236.0
"2021-03-18","Giovedi",2854.22,250.0
"2021-03-19","Venerdi",3522.04,297.0
"2021-03-20","Sabato",3541.8,272.0
"2021-03-21","Domenica",2610.5,219.0
"2021-03-22","Lunedi",2319.72,236.0
"2021-03-23","Martedi",2394.6,261.0
"2021-03-24","Mercoledi",2721.35,247.0
"2021-03-25","Giovedi",2778.0,271.0
"2021-03-26","Venerdi",4025.82,332.0
"2021-03-27","Sabato",3761.84,317.0
"2021-03-28","Domenica",2426.61,209.0
"2021-03-29","Lunedi",2972.93,282.0
"2021-03-30","Martedi",3113.93,269.0
"2021-03-31","Mercoledi",3509.61,344.0
"2021-04-01","Giovedi",3694.88,337.0
"2021-04-02","Venerdi",3716.71,365.0
"2021-04-03","Sabato",3501.29,293.0
"2021-04-04","Domenica",0.0,0.0
"2021-04-05","Lunedi",0.0,0.0
"2021-04-06","Martedi",3125.2,304.0
"2021-04-07","Mercoledi",3239.88,300.0
"2021-04-08","Giovedi",3779.84,351.0
"2021-04-09","Venerdi",4368.67,361.0
"2021-04-10","Sabato",4772.16,391.0
"2021-04-11","Domenica",3413.91,289.0
"2021-04-12","Lunedi",4164.54,416.0
