"row ID","Vendite R1","Vendite R2","Vendite R4","Vendite R5","Vendite R6"
"2017-09-24",7858.44,9441.14,3161.74,6890.1,7441.47
"2017-09-25",3252.04,7007.85,3088.18,4688.63,5158.66
"2017-09-26",3339.24,6075.87,2658.01,4579.1,5389.24
"2017-09-27",3508.8,5831.01,3149.58,4920.6,5741.39
"2017-09-28",3819.55,7114.35,2999.93,5373.64,5804.6
"2017-09-29",5624.99,9859.03,3570.48,6671.75,8097.95
"2017-09-30",9320.77,11790.04,3543.88,8247.91,7501.61
"2017-10-01",7651.28,9388.87,2911.4,6487.56,5545.49
"2017-10-02",3479.51,6753.69,2827.02,4338.53,3865.35
"2017-10-03",3286.2,5962.14,2803.64,4630.08,3654.98
"2017-10-04",3604.99,6018.7,2718.13,4711.88,3876.84
"2017-10-05",3511.44,7126.69,3159.03,4951.52,4720.63
"2017-10-06",5382.52,10573.87,3361.1,6270.24,6828.52
"2017-10-07",10004.25,11555.43,3626.09,8566.78,6547.47
"2017-10-08",6696.87,9429.95,2867.87,6628.14,5325.88
"2017-10-09",3099.42,5484.64,3162.55,4023.49,3467.88
"2017-10-10",3212.95,5707.6,2871.93,4456.11,3932.08
"2017-10-11",3616.06,6672.73,2922.68,4156.4,3827.16
"2017-10-12",3284.83,6727.75,2972.48,4886.1,5443.85
"2017-10-13",4814.46,10329.15,3320.74,6781.37,6432.71
"2017-10-14",8865.78,11022.03,3875.02,8412.74,7085.12
"2017-10-15",6253.31,9227.37,2731.84,6523.46,5165.68
"2017-10-16",3189.89,6057.87,2608.65,3837.32,3779.83
"2017-10-17",3296.22,5626.37,3299.92,4685.27,3694.42
"2017-10-18",3293.82,6036.01,2929.26,4952.73,3789.86
"2017-10-19",3626.06,6369.18,3134.93,5011.99,4514.99
"2017-10-20",5358.43,9722.29,3445.32,7161.81,6064.55
"2017-10-21",10097.78,11984.96,4530.2,9054.32,7301.13
"2017-10-22",7425.57,9491.23,2510.8,6946.66,5302.03
"2017-10-23",3507.26,5872.81,3232.27,3909.21,3710.1
"2017-10-24",3404.6,5913.63,2847.74,4794.3,3869.95
"2017-10-25",3468.63,6189.61,2706.43,4189.58,3709.27
"2017-10-26",3783.32,7374.6,2840.72,5391.98,4192.78
"2017-10-27",5548.83,10625.38,3551.64,6458.93,6198.12
"2017-10-28",9361.59,12739.27,3948.51,8828.88,6610.76
"2017-10-29",6720.72,9418.01,3090.26,6539.46,5197.69
"2017-10-30",3656.82,6573.23,3236.45,4785.32,4312.34
"2017-10-31",6620.27,9105.59,3725.13,7457.52,6215.76
"2017-11-01",7467.07,10371.6,2830.52,6608.3,4590.04
"2017-11-02",2974.63,6954.28,2696.7,4781.27,3295.71
"2017-11-03",5173.13,9290.57,3010.35,6167.04,5062.42
"2017-11-04",9647.82,11374.07,3681.0,7800.21,6587.44
"2017-11-05",6804.14,8660.91,2332.18,6003.45,3856.44
"2017-11-06",3243.06,5712.54,2921.67,3930.78,3270.2
"2017-11-07",3359.23,5415.81,2414.62,4012.14,3129.72
"2017-11-08",3933.08,6119.34,2811.11,4342.39,4013.86
"2017-11-09",3218.27,6632.11,2956.61,5270.34,4128.22
"2017-11-10",5277.59,9902.57,2991.76,7343.47,5544.04
"2017-11-11",10414.61,11935.5,3638.26,8494.79,5918.69
"2017-11-12",8153.6,9658.34,2705.03,6251.78,4602.01
"2017-11-13",3138.99,6315.9,3075.25,3950.95,3589.17
"2017-11-14",3267.83,6602.72,2805.77,4769.13,3983.74
"2017-11-15",3749.49,7518.22,3138.36,5512.52,4865.49
"2017-11-16",3503.98,7505.22,3333.37,5161.25,4713.75
"2017-11-17",6035.41,10423.85,3182.98,6879.85,6842.49
"2017-11-18",10393.57,13204.03,4028.77,8722.83,6900.97
"2017-11-19",8490.14,9757.02,2605.86,5976.07,4849.27
"2017-11-20",3311.75,6310.25,3005.06,3930.96,3856.17
"2017-11-21",3351.43,6358.36,2954.91,4409.77,3993.48
"2017-11-22",3306.41,6629.06,2726.56,4332.04,4285.0
"2017-11-23",3867.79,7355.7,2830.32,5119.86,3902.5
"2017-11-24",6354.08,9611.47,4102.11,6695.81,6042.29
"2017-11-25",9753.0,12319.47,3698.36,7709.6,5280.53
"2017-11-26",8695.67,9379.8,3327.01,6367.29,5997.62
"2017-11-27",3558.46,5777.4,3045.13,4081.29,3126.33
"2017-11-28",3064.9,5616.85,3092.17,3986.64,3477.48
"2017-11-29",3596.43,6709.53,2900.85,4233.0,4098.33
"2017-11-30",3307.81,7298.04,3218.99,4751.57,4226.01
"2017-12-01",6258.88,11025.64,3966.87,7867.14,7461.27
"2017-12-02",11544.73,12596.78,3824.43,8510.84,6180.22
"2017-12-03",8959.05,10310.61,2692.7,6521.9,4847.0
"2017-12-04",3638.28,6771.38,3148.46,4275.23,3867.46
"2017-12-05",3934.86,6484.03,3114.8,4781.4,3990.05
"2017-12-06",4223.46,8532.99,3507.54,4979.39,4367.46
"2017-12-07",5899.82,9353.03,3485.82,6543.62,6168.27
"2017-12-08",9427.54,10815.57,2817.25,7465.44,5037.69
"2017-12-09",9913.23,12465.74,3394.19,7142.79,6309.36
"2017-12-10",6357.65,7788.05,2276.72,4878.32,3665.81
"2017-12-11",3719.99,5940.16,2703.48,3145.25,4127.35
"2017-12-12",3678.11,6263.5,2820.17,4897.38,4318.59
"2017-12-13",5299.31,7058.93,3198.29,5304.21,5032.26
"2017-12-14",4948.32,7550.72,2977.34,5684.59,4652.68
"2017-12-15",6815.21,10652.66,3370.26,7128.79,6383.94
"2017-12-16",11596.67,12920.34,4405.0,8796.44,6777.67
"2017-12-17",10242.55,11349.21,3230.61,7127.26,5160.52
"2017-12-18",4957.95,7052.35,3193.33,5027.9,4187.77
"2017-12-19",5304.15,8438.15,3732.04,5808.81,5606.95
"2017-12-20",5756.6,7702.9,3451.33,5934.94,4753.47
"2017-12-21",6304.38,8644.6,3601.77,7209.67,5632.7
"2017-12-22",7907.97,11092.47,4441.57,7827.09,6948.89
"2017-12-23",11750.03,12606.16,4718.82,9238.57,6137.86
"2017-12-24",4513.28,3240.32,2980.59,2667.43,1241.1
"2017-12-25",2332.21,5099.73,2884.9,2214.01,1187.39
"2017-12-26",5999.09,9294.06,2808.35,5227.76,3608.44
"2017-12-27",6126.17,7850.06,3120.45,4608.3,3319.81
"2017-12-28",7294.45,8940.95,3448.55,6125.54,4081.52
"2017-12-29",6796.46,9809.4,3306.01,6953.19,4054.98
"2017-12-30",9452.56,11039.66,4050.75,6644.62,5394.3
"2017-12-31",3201.77,2829.45,2164.3,1936.58,1212.31
"2018-01-01",7066.7,11810.11,2884.9,6613.39,4954.5
"2018-01-02",5810.33,8321.91,3260.1,5114.86,3727.63
"2018-01-03",5884.99,7757.89,2706.61,5275.65,3785.94
"2018-01-04",6472.63,8687.78,2554.5,6118.53,4216.88
"2018-01-05",7648.11,11041.07,2895.44,7006.35,5231.98
"2018-01-06",11340.1,12899.37,2894.71,7693.4,4656.86
"2018-01-07",8494.54,10769.31,2469.75,7458.06,5485.86
"2018-01-08",3467.94,6499.42,2680.04,4157.7,3122.16
"2018-01-09",3887.98,6583.85,2765.7,4462.97,4277.33
"2018-01-10",4008.03,7274.56,2746.45,4772.19,4108.57
"2018-01-11",4129.93,7173.31,2562.93,5250.48,4638.22
"2018-01-12",6342.45,12082.39,3257.31,7697.01,7166.6
"2018-01-13",12433.69,14752.73,4173.5,10011.15,7288.65
"2018-01-14",8612.8,11154.75,2975.06,6799.87,4662.33
"2018-01-15",3644.1,6850.76,3138.36,4567.89,4112.8
"2018-01-16",4192.05,7202.74,3007.66,4924.94,3996.11
"2018-01-17",4004.56,8656.5,3243.98,5178.47,4635.03
"2018-01-18",4410.01,8068.41,3065.98,5135.04,4329.15
"2018-01-19",4893.18,10681.96,3670.24,7118.07,7612.37
"2018-01-20",10613.1,14556.59,4435.82,9946.35,6591.52
"2018-01-21",7910.86,10831.48,3039.77,7133.24,4896.67
"2018-01-22",3678.53,6652.36,3289.15,4732.49,4148.21
"2018-01-23",3663.95,7037.93,3000.37,5171.74,3829.89
"2018-01-24",3884.85,8048.29,3339.94,5147.16,4259.88
"2018-01-25",4427.61,8555.12,3209.48,6521.59,5757.86
"2018-01-26",5549.85,11395.18,3263.57,7538.33,6819.95
"2018-01-27",10495.95,14665.72,4085.92,9462.83,6306.36
"2018-01-28",8330.39,10588.14,2892.53,6502.01,4605.31
"2018-01-29",2981.7,6335.78,3398.42,4156.76,3429.7
"2018-01-30",3408.43,6388.99,2586.57,4794.47,4363.81
"2018-01-31",3647.67,6592.43,2806.37,4807.55,4134.37
"2018-02-01",3561.89,7427.7,3052.66,5929.74,4482.7
"2018-02-02",5590.96,10724.48,3265.27,6826.85,7751.07
"2018-02-03",9567.06,13089.05,4417.36,9994.02,6598.29
"2018-02-04",7576.05,10726.9,2730.04,7139.73,5365.04
"2018-02-05",2957.25,6926.55,3171.16,4045.06,3563.65
"2018-02-06",2882.22,7470.31,2909.65,4250.17,3857.58
"2018-02-07",3542.97,6807.24,2767.02,4943.47,4650.45
"2018-02-08",4053.37,8007.58,2868.81,5837.41,5570.57
"2018-02-09",5352.62,10906.91,3285.81,7562.6,7011.67
"2018-02-10",10681.09,13955.44,3875.23,9086.1,7095.59
"2018-02-11",8536.33,11140.07,3217.23,6982.11,6662.74
"2018-02-12",5627.28,7050.22,3079.51,5415.05,3665.18
"2018-02-13",5365.25,6942.81,2673.49,4811.39,3874.61
"2018-02-14",4162.48,7963.88,3534.6,6104.03,4954.75
"2018-02-15",3814.76,7930.15,3096.84,5456.57,4131.6
"2018-02-16",5425.5,10640.83,3712.38,7544.66,6351.82
"2018-02-17",10573.13,14520.13,3718.33,8413.05,6176.8
"2018-02-18",8589.23,10561.15,2866.43,7429.24,5375.0
"2018-02-19",3132.06,6827.58,3255.27,4311.07,3930.88
"2018-02-20",3849.66,6753.71,3256.23,4610.12,4115.43
"2018-02-21",3951.56,6870.66,3065.92,5786.72,4383.54
"2018-02-22",3457.84,7174.27,3133.22,5685.22,4261.25
"2018-02-23",4884.72,10450.8,3034.2,7014.83,6031.91
"2018-02-24",10912.22,13290.3,3829.25,8990.61,6514.28
"2018-02-25",5508.98,8862.68,2691.88,6362.59,4081.97
"2018-02-26",3576.23,6806.7,3077.52,4671.65,4707.7
"2018-02-27",3644.76,6667.65,2886.86,4742.4,5161.67
"2018-02-28",3811.24,7967.52,3267.2,5581.18,5982.83
"2018-03-01",3856.6,5024.43,2694.45,4028.68,4578.04
"2018-03-02",5077.43,9287.99,3133.97,5457.81,6559.28
"2018-03-03",4300.57,9744.98,3146.31,6321.7,5610.89
"2018-03-04",8826.69,9708.74,2810.35,7368.4,5573.9
"2018-03-05",4096.38,7424.16,3564.49,4841.46,4409.39
"2018-03-06",4034.1,6811.13,2751.55,4832.34,4776.47
"2018-03-07",3290.86,6415.9,3037.99,4917.62,4221.44
"2018-03-08",4371.61,8874.56,2745.13,6327.57,5990.26
"2018-03-09",4957.72,10614.15,3151.34,6854.54,7044.58
"2018-03-10",10674.51,13355.34,3868.18,8201.2,6610.35
"2018-03-11",8185.09,9931.41,2594.57,6237.63,5225.3
"2018-03-12",3227.26,6779.96,3044.48,4239.99,4173.68
"2018-03-13",3461.14,6436.48,2805.49,4290.29,4519.44
"2018-03-14",3944.55,7258.95,2901.77,5159.56,4489.56
"2018-03-15",3929.03,6881.51,2890.44,5248.45,4941.19
"2018-03-16",5893.14,11083.05,3335.57,7596.44,7620.56
"2018-03-17",11184.22,12696.6,4134.1,8823.87,6867.98
"2018-03-18",8012.16,10172.84,2708.07,6708.87,4940.52
"2018-03-19",3634.73,7241.5,3149.03,4684.19,3516.2
"2018-03-20",3705.34,6803.31,3457.59,4626.25,4537.21
"2018-03-21",3334.09,7148.63,3267.37,5180.42,3514.75
"2018-03-22",4407.69,8153.44,3280.43,5653.99,5297.6
"2018-03-23",5614.42,10316.36,3502.84,6530.99,6967.79
"2018-03-24",11073.64,13297.46,4109.43,7939.79,6476.64
"2018-03-25",7957.11,10818.29,2867.2,8081.59,4974.39
"2018-03-26",3648.38,6844.75,2658.93,4458.71,3241.11
"2018-03-27",3927.53,6763.38,2863.61,4894.58,5006.32
"2018-03-28",4954.21,7573.18,3851.62,5817.63,5396.11
"2018-03-29",6326.17,9836.3,2866.57,6796.57,4399.24
"2018-03-30",6101.12,9718.48,3268.4,6768.76,5814.79
"2018-03-31",9493.24,10977.74,3245.26,7675.39,5499.66
"2018-04-01",2361.32,5943.49,3064.56,3504.49,2216.18
"2018-04-02",6482.14,9801.31,2884.9,6662.51,4372.96
"2018-04-03",4820.89,7648.11,3374.38,5374.32,3528.48
"2018-04-04",3123.61,6185.77,2657.02,4572.72,4060.03
"2018-04-06",5836.42,9746.55,3547.51,7159.13,7411.04
"2018-04-07",10313.66,13744.43,3445.37,8508.52,6094.89
"2018-04-08",6913.3,9310.51,2485.0,5611.14,4372.99
"2018-04-09",3715.29,7035.29,2871.51,4793.01,3755.68
"2018-04-10",4226.04,6951.64,2941.05,4893.25,4190.75
"2018-04-11",3889.28,7622.8,3093.36,5096.49,4165.11
"2018-04-12",4791.07,8269.89,3149.08,5273.41,4842.62
"2018-04-13",7096.32,11683.26,3836.03,6522.23,7158.18
"2018-04-14",11079.58,14311.58,4320.07,7636.44,6678.18
"2018-04-15",9628.16,11362.06,2995.07,7587.44,5728.15
"2018-04-16",3685.08,7125.15,2800.65,5446.98,4692.54
"2018-04-17",3732.45,7471.63,3002.63,5943.18,4959.88
"2018-04-18",3623.64,7500.8,3229.33,5734.79,4806.85
"2018-04-19",4652.02,8968.11,3510.86,6272.44,5283.81
"2018-04-20",6041.11,11438.07,3764.25,7577.24,6665.91
"2018-04-21",9100.11,12886.42,3872.61,9177.88,6119.87
"2018-04-22",8106.52,9739.62,3397.93,7483.74,5712.81
"2018-04-23",3460.24,7039.57,2959.0,4526.34,4051.13
"2018-04-24",4677.64,7902.79,3481.13,5997.34,5144.09
"2018-04-25",7479.79,10079.86,2812.83,6248.85,4472.53
"2018-04-26",3772.51,6657.44,2883.49,4527.82,4040.75
"2018-04-27",6238.08,9994.86,3686.89,7209.81,6288.76
"2018-04-28",10309.5,12030.84,3807.41,8421.17,5726.35
"2018-04-29",9116.35,10057.98,3114.8,7454.39,4748.85
"2018-04-30",7138.98,9814.63,3188.72,6601.81,4903.67
"2018-05-01",7336.0,11512.06,3227.18,6520.94,4905.74
"2018-05-02",3847.32,6220.85,3021.1,4673.36,3783.44
"2018-05-03",3802.41,7457.25,2678.89,4795.29,4165.2
"2018-05-04",4853.32,9765.72,3531.53,7387.54,6705.03
"2018-05-05",10052.19,13169.1,3663.79,9361.05,6456.78
"2018-05-06",6710.58,9193.95,2880.95,5904.49,5240.57
"2018-05-07",3388.67,6247.1,3083.08,4976.93,5615.06
"2018-05-08",3588.28,6899.01,2698.28,4664.56,4515.66
"2018-05-09",3854.49,7543.77,2828.02,4827.71,4469.81
"2018-05-10",3976.58,7556.44,3361.83,5560.7,5355.51
"2018-05-11",5699.67,11621.37,3578.55,6772.5,5470.2
"2018-05-12",7687.61,12792.69,4252.78,9447.74,5764.24
"2018-05-13",7416.3,10156.81,3035.86,6848.28,4933.21
"2018-05-14",3400.9,6849.93,3081.96,5141.24,4141.13
"2018-05-15",4203.03,7373.8,2808.35,4777.2,8539.28
"2018-05-16",3830.85,8893.71,6746.36,5096.49,4216.71
"2018-05-17",3648.37,7610.51,3345.4,10963.98,4261.76
"2018-05-18",5658.23,10475.37,3082.33,7449.95,6959.53
"2018-05-19",9905.5,13102.56,3734.85,9397.0,5922.75
"2018-05-20",7487.55,10544.06,2765.93,7605.33,4811.34
"2018-05-21",3296.59,7038.16,2610.0,4728.93,4325.44
"2018-05-22",3974.77,7052.63,2831.11,5567.74,4760.54
"2018-05-23",3806.69,7396.36,2585.18,5149.58,4629.03
"2018-05-24",3807.01,7361.92,2611.28,5700.65,4518.62
"2018-05-25",5972.49,9781.95,3555.65,7727.77,6701.16
"2018-05-26",8199.99,11614.07,3681.59,8369.03,6072.33
"2018-05-27",8025.91,9294.83,2751.33,7763.68,5087.82
"2018-05-28",3761.81,6338.13,2642.11,5358.2,4562.87
"2018-05-29",3754.89,6699.76,2858.74,4958.33,5075.12
"2018-05-30",3815.23,7240.02,2748.93,6023.16,4567.69
"2018-05-31",3856.6,7920.16,3175.34,5684.56,5385.4
"2018-06-01",10729.37,11901.65,3747.94,6954.63,6282.86
"2018-06-02",9036.52,12432.68,3522.85,7505.85,5796.07
"2018-06-03",7058.94,9215.64,2833.35,6749.73,5566.05
"2018-06-04",4108.58,6287.04,3087.92,4840.89,4004.94
"2018-06-05",3346.7,6260.16,3024.39,4893.25,4284.68
"2018-06-06",3405.19,6598.55,2575.59,10143.17,4599.36
"2018-06-07",4114.45,8592.38,4171.08,5035.3,4717.53
"2018-06-08",7004.99,10593.66,3250.61,8921.55,7447.22
"2018-06-09",7829.97,11517.24,3147.9,8094.94,5708.14
"2018-06-10",7273.18,7411.0,2621.66,7292.13,4164.35
"2018-06-11",4138.71,6654.18,2801.03,5032.84,4359.5
"2018-06-12",4062.12,8107.47,2779.41,5884.07,3868.37
"2018-06-13",4654.48,7690.69,3155.71,5697.78,4927.85
"2018-06-14",4392.02,8371.27,3011.07,5196.29,4028.79
"2018-06-15",5349.58,9986.32,3637.67,6761.84,5698.57
"2018-06-16",7819.33,11533.12,4243.81,8712.83,5300.75
"2018-06-17",6743.87,8435.72,2832.46,7009.12,4233.21
"2018-06-18",3439.43,6908.36,3145.06,4961.27,3613.5
"2018-06-19",3131.83,7164.19,3022.14,5179.99,3139.98
"2018-06-20",3799.76,6972.56,3096.09,5861.69,4168.71
"2018-06-21",4215.12,8048.22,3037.16,5549.78,4081.65
"2018-06-22",5180.82,9778.28,3546.22,7159.94,5197.18
"2018-06-23",9287.19,10264.22,4008.58,8819.74,5380.35
"2018-06-24",6571.2,8558.71,3057.92,8180.95,5104.04
"2018-06-25",4024.82,7019.29,2942.37,6009.84,4160.08
"2018-06-26",3907.01,6284.99,2589.41,5034.94,3426.57
"2018-06-27",3625.5,6728.89,2975.05,6006.19,4119.6
"2018-06-28",4487.91,7085.59,2695.93,6433.31,3861.21
"2018-06-29",5597.42,9937.34,3274.78,6546.78,4830.31
"2018-06-30",7202.0,10075.43,3830.8,7335.07,4693.08
"2018-07-01",7659.28,9776.62,3092.13,7951.11,5166.25
"2018-07-02",4137.55,6628.33,2912.4,5128.83,4011.75
"2018-07-03",4335.33,7144.74,3121.99,5313.74,3834.58
"2018-07-04",4672.64,7157.85,2822.65,5059.75,3260.91
"2018-07-05",4720.18,7830.54,2646.74,5019.54,3831.59
"2018-07-06",5913.59,9443.8,3374.95,6971.02,5574.49
"2018-07-07",7888.91,10325.24,3623.97,8868.09,4836.06
"2018-07-08",8202.48,8871.09,2919.13,6638.16,4717.99
"2018-07-09",4553.53,6646.93,3108.44,5305.42,3409.07
"2018-07-10",4990.24,6914.47,3125.67,5737.56,3856.69
"2018-07-11",5245.65,7358.63,3501.18,6130.86,4085.86
"2018-07-12",4679.48,8433.12,2794.35,5394.48,4012.67
"2018-07-13",6378.93,9235.37,4023.0,6526.38,4931.15
"2018-07-14",9140.68,10806.74,3908.19,7933.46,5983.83
"2018-07-15",7287.1,9539.59,2893.98,7256.95,4483.53
"2018-07-16",5133.67,7401.1,3154.61,5716.26,3718.67
"2018-07-17",4946.06,7383.61,3072.81,5032.08,3294.82
"2018-07-18",4009.24,6757.07,2807.72,5876.78,3884.79
"2018-07-19",4200.32,7608.32,3027.11,5269.62,4203.65
"2018-07-20",5537.91,10515.21,3475.8,7863.53,4913.41
"2018-07-21",11343.91,11734.67,4131.83,8747.9,5687.36
"2018-07-22",8685.53,9320.23,3162.26,7399.81,4725.62
"2018-07-23",4615.17,6449.97,3215.77,5705.81,3861.63
"2018-07-24",4350.13,6811.63,3036.29,5182.47,3620.44
"2018-07-25",4307.4,6825.95,2895.91,5058.43,3404.41
"2018-07-26",4242.76,6865.85,2499.75,5543.82,3983.8
"2018-07-27",6459.35,9497.98,3389.31,7484.01,5624.97
"2018-07-28",7549.82,10363.22,3545.15,8156.71,5508.78
"2018-07-29",8056.25,9571.04,3216.27,7395.16,4880.64
"2018-07-30",3869.76,6066.58,2870.31,5481.46,2936.58
"2018-07-31",4128.9,6900.25,2944.94,5851.21,3609.86
"2018-08-01",4355.98,7621.03,2841.54,6227.72,3840.62
"2018-08-02",4546.3,7379.76,2421.68,5578.29,3863.15
"2018-08-03",5977.0,9197.11,3270.59,6691.65,4605.56
"2018-08-04",8061.68,10457.33,3608.12,7685.0,4953.67
"2018-08-05",6939.15,8728.24,2696.51,7239.87,4570.04
"2018-08-06",4711.24,6473.71,2634.29,4526.32,3820.5
"2018-08-07",4740.63,7053.9,2293.81,5084.73,4015.85
"2018-08-08",3981.68,6599.45,2777.92,5721.02,3435.86
"2018-08-09",5311.68,7546.65,2660.23,6121.8,3523.84
"2018-08-10",6298.34,9893.75,3277.43,6827.56,4462.9
"2018-08-11",8544.57,10064.88,3489.31,7754.39,4365.7
"2018-08-12",8092.78,8332.46,2855.75,6654.39,3668.64
"2018-08-13",6670.36,7956.19,3396.47,6372.77,3992.16
"2018-08-14",6099.26,7230.85,3441.08,6224.98,3517.05
"2018-08-15",2542.66,7203.4,2913.35,5941.43,2637.22
"2018-08-16",4979.3,6992.57,3371.4,5359.36,4290.57
"2018-08-17",5998.54,8858.12,3403.76,6370.79,4198.68
"2018-08-18",7250.32,9109.16,3612.9,6689.24,4681.07
"2018-08-19",7222.89,7857.98,3187.71,6479.42,4118.79
"2018-08-20",5116.13,7220.64,3088.77,5806.17,3257.6
"2018-08-21",4663.94,7486.58,3324.57,5418.83,3370.3
"2018-08-22",5355.47,7833.89,3039.2,5418.68,3075.96
"2018-08-23",5142.18,7270.7,2916.98,5415.71,3943.13
"2018-08-24",6453.35,9881.04,3189.41,6647.05,4965.31
"2018-08-25",10030.98,11598.23,3483.69,7971.18,5487.78
"2018-08-26",7157.78,9545.82,2985.72,6576.88,4919.19
"2018-08-27",4904.61,6877.7,2821.46,5403.82,4381.7
"2018-08-28",4774.85,6715.46,2905.25,5892.84,4276.55
"2018-08-29",5259.39,7390.28,2621.86,5757.76,4726.73
"2018-08-30",5286.18,8760.02,3155.94,5618.77,4568.93
"2018-08-31",7047.42,10987.47,3205.59,8047.62,5267.0
"2018-09-01",11002.76,12913.53,3731.24,10249.33,6017.38
"2018-09-02",9468.3,10732.56,3250.56,8194.38,5042.8
"2018-09-03",5438.3,7936.88,3422.08,5960.49,5224.28
"2018-09-04",5511.67,7982.76,3439.59,5579.48,4395.17
"2018-09-05",5161.12,7391.43,3434.09,5648.39,5445.16
"2018-09-06",5544.57,8241.01,3487.31,5908.62,3096.04
"2018-09-07",7398.81,9229.23,3322.33,7735.56,5563.57
"2018-09-08",9459.82,11962.2,3427.11,9375.13,6232.13
"2018-09-09",7289.2,9301.25,3061.86,8146.4,5188.42
"2018-09-10",5406.64,8451.21,3238.02,6523.24,6303.84
"2018-09-11",4857.34,8348.98,3780.97,6448.96,5266.49
"2018-09-12",5384.57,8123.67,3575.93,6192.53,7188.44
"2018-09-13",4490.4,8760.26,4038.9,5558.47,5437.75
"2018-09-14",6601.11,11522.89,4492.6,7657.88,6661.43
"2018-09-15",10498.32,13086.94,4137.26,9301.28,7105.74
"2018-09-16",7651.89,10660.24,3726.79,7524.42,5192.62
"2018-09-17",3997.83,9117.12,3950.52,5551.06,4644.04
"2018-09-18",4382.14,7492.5,3502.09,5186.36,4720.46
"2018-09-19",4545.87,7316.63,3729.13,5318.45,5398.0
"2018-09-20",5310.17,8377.78,3961.35,6155.96,6492.19
"2018-09-21",6338.36,10458.84,4359.62,8290.86,5897.79
"2018-09-22",9718.48,13035.2,4489.64,9724.23,6708.36
"2018-09-23",9163.32,10823.31,3513.62,7496.95,4540.09
"2018-09-24",3134.57,6564.27,3373.69,5419.22,3703.1
"2018-09-25",3856.37,6712.79,3488.64,4865.09,4084.09
"2018-09-26",3291.79,7856.72,3302.96,5361.86,4272.54
"2018-09-27",3447.94,7428.48,3181.28,5248.81,4497.67
"2018-09-28",6218.81,10824.43,4365.44,7905.24,6385.41
"2018-09-29",10134.52,13507.11,4398.09,9721.73,5877.9
"2018-09-30",7433.45,10151.15,3531.0,8011.04,4715.34
"2018-10-01",3411.98,6670.9,3319.16,5247.63,3464.0
"2018-10-02",3655.42,6963.89,3464.91,4669.78,3989.86
"2018-10-03",3232.97,7694.18,3483.3,5520.68,3666.39
"2018-10-04",3292.07,7702.0,3438.99,5418.77,4243.78
"2018-10-05",6061.26,10869.65,4114.17,7901.84,5994.44
"2018-10-06",10301.24,12973.32,4086.48,9362.28,7225.68
"2018-10-07",7958.09,10376.25,3217.86,7491.95,4199.4
"2018-10-08",3117.16,6780.94,3269.22,4748.04,4572.82
"2018-10-09",2833.49,7008.58,3174.18,4722.86,3777.6
"2018-10-10",3772.73,7651.16,3145.36,5077.2,4082.9
"2018-10-11",3923.09,7565.01,3429.72,6036.18,3761.98
"2018-10-12",6234.45,11781.05,4711.34,7575.53,6296.04
"2018-10-13",10064.4,14860.22,4287.04,10093.46,6296.61
"2018-10-14",7996.11,11135.41,3328.94,8025.68,4529.39
"2018-10-15",3396.36,6960.93,3626.73,5052.43,3516.4
"2018-10-16",2963.91,6908.9,3210.72,5135.51,3872.83
"2018-10-17",3251.35,7916.16,3434.29,4983.81,4032.31
"2018-10-18",3147.53,7520.89,3283.02,5744.68,4505.06
"2018-10-19",6219.74,11291.22,3845.86,7879.87,6194.72
"2018-10-20",10432.02,14240.79,4516.62,10203.17,6222.76
"2018-10-21",7378.48,11308.14,3612.65,7338.6,4108.06
"2018-10-22",3391.27,6742.11,3131.22,5034.32,3240.86
"2018-10-23",2852.93,7220.01,3005.2,5589.16,3663.6
"2018-10-24",3546.94,7642.56,3486.45,5156.66,5430.23
"2018-10-25",3248.19,7280.46,3055.04,5757.41,4228.92
"2018-10-26",5543.23,10884.97,3514.29,7399.83,6502.81
"2018-10-27",10044.22,12955.02,3509.42,9355.44,5840.0
"2018-10-28",8827.94,9778.03,2966.44,8109.04,5162.31
"2018-10-29",2474.46,6222.72,2783.65,4704.98,3403.63
"2018-10-30",3519.6,6940.54,3217.95,5413.47,3997.65
"2018-10-31",8325.16,11661.93,4390.58,9113.04,7010.02
"2018-11-01",8597.04,11547.96,3162.62,7121.61,5136.32
"2018-11-02",7391.63,10878.37,3509.92,8444.39,5114.1
"2018-11-03",11154.13,12737.22,3418.92,9078.65,5540.8
"2018-11-04",8588.4,10458.15,3756.85,6885.34,4823.57
"2018-11-05",2919.74,6398.51,3310.43,4479.41,3478.62
"2018-11-06",3031.32,7243.64,2749.75,5016.66,3780.49
"2018-11-07",3550.98,7197.38,3144.55,4784.96,4831.68
"2018-11-08",3832.06,8407.87,3184.16,5016.67,4008.77
"2018-11-09",5362.56,10938.59,3894.77,8207.0,6627.14
"2018-11-10",10044.85,15111.1,4355.28,9748.23,5995.99
"2018-11-11",8163.7,11041.85,3327.84,7850.01,4421.3
"2018-11-12",3080.62,7136.66,3180.23,4618.05,3772.09
"2018-11-13",3043.98,8370.48,3049.25,4954.09,4472.7
"2018-11-14",3639.15,7753.39,3208.15,5428.99,4892.31
"2018-11-15",3651.08,7687.32,3364.4,5759.05,4547.56
"2018-11-16",6702.27,12099.34,4700.06,8636.85,6186.38
"2018-11-22",3508.52,8064.71,4234.96,5942.73,5155.7
"2018-11-23",7524.35,11712.96,4473.83,8271.15,6570.24
"2018-11-24",11177.21,14672.09,4820.43,10787.78,6660.53
"2018-11-25",9374.52,11955.63,3683.7,8287.46,5047.97
"2018-11-26",3393.42,6498.46,3088.89,4344.48,3383.53
"2018-11-27",3183.71,7189.03,3098.63,5280.05,3384.97
"2018-11-28",3373.34,7725.16,3319.85,5920.38,3698.44
"2018-11-29",3530.83,7723.26,3462.85,5389.67,4461.74
"2018-11-30",6109.88,11404.3,3717.47,8482.82,7093.92
"2018-12-01",12529.94,15380.97,4844.5,10629.48,7595.52
"2018-12-02",9514.84,11316.75,3380.45,8209.62,4731.79
"2018-12-03",3899.27,6734.97,3648.86,4628.74,4495.85
"2018-12-04",3560.82,7323.5,3153.29,5141.42,4435.28
"2018-12-05",4103.14,8513.56,3695.82,5820.13,5226.47
"2018-12-06",3902.9,9189.58,3217.7,5596.38,4806.33
"2018-12-07",6677.34,12131.85,4609.79,7660.53,7099.96
"2018-12-08",11847.25,13966.91,4221.52,8679.64,5594.53
"2018-12-09",8899.4,11427.02,3606.39,7645.81,4919.64
"2018-12-10",3890.35,8079.91,3656.76,4121.21,4503.67
"2018-12-11",4457.44,7321.74,3465.42,5580.49,5112.14
"2018-12-12",4874.53,7900.31,3889.22,5609.5,5517.41
"2018-12-13",4259.87,8274.9,3301.26,5053.22,4691.45
"2018-12-14",6461.89,11087.08,4420.14,8573.13,6842.31
"2018-12-15",12826.12,15209.22,5114.92,9225.53,7745.06
"2018-12-16",9954.35,10845.6,3480.74,8210.84,4638.41
"2018-12-17",4377.52,7788.77,5276.66,5101.97,4848.45
"2018-12-18",4803.0,7920.47,5465.28,6009.27,6245.72
"2018-12-19",4539.7,8565.58,3430.06,6036.6,4697.96
"2018-12-20",6010.2,9778.73,3876.46,7356.02,6424.07
"2018-12-21",8736.71,11934.31,5759.82,8919.16,8466.1
"2018-12-22",12007.32,14937.71,5425.33,9407.11,7409.99
"2018-12-23",12037.93,10749.87,3747.02,7624.4,6209.39
"2018-12-24",4571.88,3747.22,3936.66,3047.64,1675.25
"2018-12-25",1983.34,5063.97,2808.35,2780.85,2014.21
"2018-12-26",8159.14,10081.51,2913.35,6282.93,4111.28
"2018-12-27",6821.68,9555.8,3729.91,5684.51,4108.06
"2018-12-28",8487.68,12021.25,4055.03,7709.31,5470.42
"2018-12-29",11384.39,13131.26,4528.19,8746.81,5556.53
"2018-12-30",9859.58,11135.89,3702.87,7127.97,4752.64
"2018-12-31",2832.3,3878.31,2671.77,2751.94,1274.51
"2019-01-01",6750.05,14396.22,2808.35,7889.26,5453.05
"2019-01-02",6737.33,9332.93,4039.51,6070.06,3980.16
"2019-01-03",7012.8,9859.58,2733.93,6108.03,4267.35
"2019-01-04",7449.76,11900.83,3441.45,7658.83,5556.95
"2019-01-05",13160.83,15039.21,4081.42,8898.61,6012.48
"2019-01-06",9310.02,10923.8,3216.18,7689.23,5059.6
"2019-01-07",3035.37,6528.84,2865.13,4483.54,3953.9
"2019-01-08",2932.31,6134.17,2713.16,4302.93,4008.74
"2019-01-09",3684.71,7364.71,3011.0,5562.01,4311.9
"2019-01-10",3440.78,7866.09,3443.24,6018.92,4563.71
"2019-01-11",6640.89,11799.23,3595.02,7687.96,7186.89
"2019-01-12",12052.7,15180.64,4327.13,9927.06,7129.53
"2019-01-13",10256.56,11668.32,2842.83,7826.69,5959.44
"2019-01-14",3160.46,7420.26,3603.27,5081.6,4010.75
"2019-01-15",3638.39,8226.37,3415.15,5212.48,4550.97
"2019-01-16",4021.52,8382.79,3088.55,5414.76,4259.34
"2019-01-17",3778.44,8818.45,3665.76,6062.43,4436.08
"2019-01-18",6082.33,12911.71,4010.94,8154.36,7338.18
"2019-01-19",9609.94,14385.67,4975.09,9748.65,7239.84
"2019-01-20",9531.4,11378.09,3788.02,8169.57,5659.8
"2019-01-21",3159.82,7404.43,3765.6,5307.29,3775.46
"2019-01-22",3267.15,6941.86,3110.18,4664.84,4261.69
"2019-01-23",1891.8,7202.7,3330.58,4968.98,3891.45
"2019-01-24",3946.22,9300.17,3801.97,5927.43,5698.69
"2019-01-25",6541.06,11542.66,4360.47,7509.91,6315.78
"2019-01-26",11377.61,14507.25,4897.66,10425.67,7777.9
"2019-01-27",8910.6,10306.35,3353.92,7392.57,4629.28
"2019-01-28",3322.34,7462.62,3270.24,4622.87,4600.96
"2019-01-29",3338.71,6805.93,3382.51,4685.36,4744.71
"2019-01-30",2903.97,6749.35,3239.31,4176.5,4026.89
"2019-01-31",3002.35,7361.94,3103.0,5391.06,4084.98
"2019-02-01",4549.53,11587.94,3437.08,6133.68,5500.85
"2019-02-02",10594.64,14666.85,4470.11,9820.65,7096.47
"2019-02-03",9951.75,11339.23,2635.45,7611.46,5618.13
"2019-02-04",3573.24,7261.55,3123.56,5412.18,4175.44
"2019-02-05",3562.61,6828.71,3118.42,4861.2,4702.05
"2019-02-06",3958.38,7427.07,3318.69,5757.11,4893.53
"2019-02-07",3090.39,7906.1,2996.55,5688.98,4516.07
"2019-02-08",5646.48,12142.58,3698.01,8230.22,7043.99
"2019-02-09",10765.95,12913.48,4374.89,10369.09,6529.3
"2019-02-10",9018.82,10802.76,2836.7,8419.53,4854.46
"2019-02-11",3421.18,7420.71,3517.86,4782.3,4223.06
"2019-02-12",3982.89,6836.11,3477.3,5096.81,4582.0
"2019-02-13",4043.69,8315.12,3425.8,5437.26,4982.89
"2019-02-14",4813.19,10058.32,4292.22,6747.37,5566.27
"2019-02-15",6345.31,12295.05,4177.25,7451.15,7556.05
"2019-02-16",11001.66,13884.96,4524.24,9561.54,6516.39
"2019-02-17",9302.67,12030.18,3501.57,8775.96,5650.9
"2019-02-18",3080.71,7288.55,3460.26,4903.79,4615.68
"2019-02-20",3745.61,8204.81,3705.01,6644.58,4574.99
"2019-02-21",4401.63,8419.5,3623.24,6621.66,6136.21
"2019-02-22",6599.42,12386.42,3893.23,8195.8,7443.7
"2019-02-23",11078.52,14667.41,5166.45,9581.43,6427.71
"2019-02-24",8560.39,12207.63,3623.15,8127.2,5934.68
"2019-02-25",3376.31,7488.62,3643.21,4851.47,4464.43
"2019-02-26",3501.01,6897.88,3280.71,5131.82,4601.65
"2019-02-27",3828.05,7767.56,3919.62,6067.41,4743.66
"2019-02-28",4270.47,8687.57,3252.95,6167.08,4952.25
"2019-03-01",6485.11,12920.62,4486.52,7327.71,7695.46
"2019-03-02",10544.56,13987.96,4820.34,9541.12,7232.68
"2019-03-03",8858.41,11235.79,3546.1,7715.67,5544.94
"2019-03-04",5437.22,6767.12,3353.93,5745.97,4243.81
"2019-03-05",4920.21,7372.38,3334.62,6628.79,4108.75
"2019-03-06",4062.91,7015.28,3176.32,5124.99,5153.92
"2019-03-07",3640.4,8028.04,3028.33,5411.64,4851.83
"2019-03-08",6403.51,12044.27,3604.32,8762.02,7484.09
"2019-03-09",10535.59,13690.91,3620.34,10488.23,6484.46
"2019-03-10",8381.99,12083.33,3324.72,8237.29,4901.39
"2019-03-11",2988.04,6399.53,3847.04,4604.07,4821.05
"2019-03-12",3674.71,7072.3,3297.34,4938.62,5312.74
"2019-03-13",3790.64,7611.47,3737.44,5656.91,4608.88
"2019-03-14",3710.22,8116.79,3256.78,5503.09,4772.49
"2019-03-15",5579.36,10984.05,4787.33,8863.11,8111.5
"2019-03-16",10855.93,14913.82,4515.85,8696.9,8313.28
"2019-03-17",9611.32,13037.91,3176.45,9274.71,5133.95
"2019-03-18",3916.77,7839.25,3336.76,4657.29,4223.95
"2019-03-19",4027.99,7532.64,3802.67,5733.68,5307.46
"2019-03-20",3652.4,8033.87,3688.97,5536.56,4875.53
"2019-03-21",3829.99,8433.72,3372.5,6412.39,5297.56
"2019-03-22",6528.48,10928.6,3976.2,8343.08,6596.07
"2019-03-23",10419.31,14271.19,4593.75,9509.27,6561.81
"2019-03-24",8288.55,11052.31,3628.17,9225.66,6388.09
"2019-03-25",3181.07,6718.39,3472.19,5121.28,4258.97
"2019-03-26",3514.39,6529.04,3203.38,5269.64,4779.4
"2019-03-27",3906.16,7412.01,3624.96,5592.15,4327.25
"2019-03-28",4466.76,9304.69,4040.76,6630.77,6244.53
"2019-03-29",5633.65,11281.07,4237.7,7565.87,7214.38
"2019-03-30",10040.49,13417.71,4391.79,10220.37,6815.57
"2019-03-31",8337.43,11330.84,3743.18,8677.36,5171.91
"2019-04-01",3961.41,7392.87,3487.25,5318.39,3839.06
"2019-04-02",3552.3,7248.08,3384.85,5347.66,4962.65
"2019-04-03",4276.68,7906.2,3311.4,5354.96,4609.96
"2019-04-04",3599.57,8225.89,3280.48,5699.09,5041.57
"2019-04-05",6615.79,11541.56,4059.39,7370.43,6950.14
"2019-04-06",10591.73,13354.77,4320.4,9788.43,7575.36
"2019-04-07",10514.58,11890.72,3757.96,7783.84,6295.41
"2019-04-08",3443.76,6701.43,3260.67,4376.51,3899.87
"2019-04-09",3868.72,7545.83,3369.35,5034.94,4411.13
"2019-04-10",3461.54,7737.68,3450.59,4716.87,4626.38
"2019-04-11",4342.76,8665.59,3600.22,6192.52,5143.32
"2019-04-12",6961.4,11440.79,3985.79,8225.47,7024.4
"2019-04-13",10486.91,15216.99,4511.07,9827.66,8223.28
"2019-04-14",10782.86,11719.73,3480.2,7884.58,5738.89
"2019-04-15",3928.26,7756.87,3760.83,4797.29,4857.22
"2019-04-16",4057.71,7474.38,3492.53,5933.42,4607.48
"2019-04-17",5538.08,9199.35,4828.16,6701.83,6204.19
"2019-04-18",6972.1,10725.72,4188.75,7385.44,6393.96
"2019-04-19",6773.17,11544.57,3907.32,8523.19,5510.67
"2019-04-20",10625.34,12557.98,4965.21,9355.23,5807.23
"2019-04-21",2532.04,5900.83,3064.56,4214.62,2478.29
"2019-04-22",6091.74,10179.93,2884.9,7058.63,4278.34
"2019-04-23",7040.27,9767.94,3593.62,5740.71,4321.72
"2019-04-24",7786.08,10401.59,3433.56,7235.4,5266.11
"2019-04-25",10266.48,11303.33,3124.37,7313.96,5069.03
"2019-04-26",8838.38,10976.91,3419.52,7241.05,5474.36
"2019-04-27",10105.58,13567.39,4318.51,8777.59,5837.0
"2019-04-28",7520.54,10618.37,3382.74,7542.47,4331.75
"2019-04-29",4404.09,6755.57,3123.79,5152.58,4303.54
"2019-04-30",6391.14,9814.44,3860.33,7015.9,5680.66
"2019-05-01",6583.44,10710.25,3289.64,6514.38,4813.95
"2019-05-02",3300.88,7254.26,3191.45,5207.93,4466.11
"2019-05-03",6900.29,11292.93,3627.96,6610.9,6255.01
"2019-05-04",8981.83,14050.2,3980.44,9988.69,6994.54
"2019-05-05",10350.35,9890.24,3361.2,7654.25,5150.75
"2019-05-06",3632.61,7809.97,2981.1,5134.84,4382.57
"2019-05-07",3715.51,7685.37,2800.23,5038.32,4396.3
"2019-05-08",4181.5,7818.1,2990.18,5519.58,5193.9
"2019-05-09",4270.09,8092.0,3252.22,5197.78,5525.81
"2019-05-10",6768.63,12043.88,3555.95,8283.76,6802.84
"2019-05-11",10110.52,14041.46,4936.59,9968.17,6048.78
"2019-05-12",8726.01,10763.84,4498.31,8302.48,4724.6
"2019-05-13",3973.74,7248.0,3266.39,5195.69,4034.4
"2019-05-14",3556.26,7480.65,2971.1,5548.86,4600.65
"2019-05-15",4876.17,8995.81,3447.96,5400.27,5125.5
"2019-05-16",4655.67,8403.22,3678.39,6354.07,6139.64
"2019-05-17",6545.1,12339.01,3552.29,8865.1,7310.33
"2019-05-18",11988.42,14140.1,4532.78,9770.58,6301.07
"2019-05-19",10034.85,11249.72,3529.72,7740.9,4387.89
"2019-05-20",3370.59,7534.11,3484.07,4777.63,4491.27
"2019-05-21",3814.08,7858.72,3379.48,5961.36,4832.52
"2019-05-22",4372.19,7731.45,3053.95,5278.61,5115.05
"2019-05-23",4850.49,8779.53,3482.12,6093.27,5421.45
"2019-05-24",6137.82,11213.65,3654.87,8262.26,7878.08
"2019-05-25",9634.46,14746.01,4160.56,10438.9,6264.0
"2019-05-26",9047.01,12047.47,3426.87,8334.62,5245.69
"2019-05-27",4929.93,7913.28,3452.86,5762.66,4395.17
"2019-05-28",3713.5,6740.18,3167.05,5644.17,4868.27
"2019-05-29",3934.4,7277.54,3024.43,6197.85,5100.26
"2019-05-30",4010.07,8435.57,3394.17,5681.42,6152.75
"2019-05-31",5230.62,11796.77,3920.0,8468.69,6308.91
"2019-06-01",8449.73,13490.28,4164.26,9626.05,6617.67
"2019-06-02",7178.12,10830.86,3327.43,7001.57,5881.37
"2019-06-03",3469.55,6714.52,3459.41,5228.68,4042.79
"2019-06-04",3598.06,7061.04,3533.48,5459.66,4824.64
"2019-06-05",3720.97,7461.81,3446.04,5229.34,5325.06
"2019-06-06",3914.39,8104.62,3204.78,5035.47,5300.53
"2019-06-07",6297.41,11588.12,5608.24,9442.44,8081.45
"2019-06-08",8275.45,13457.71,3849.77,9272.32,6586.21
"2019-06-09",8550.77,10254.83,3496.91,7799.99,5296.17
"2019-06-10",4159.15,7631.16,3212.73,5598.02,4234.49
"2019-06-11",4184.89,7610.45,3473.36,5502.44,4860.18
"2019-06-12",3953.47,8042.82,3642.28,5931.09,5132.0
"2019-06-13",4217.67,8088.08,3249.39,6216.82,4608.31
"2019-06-14",6437.1,10238.17,3426.68,8006.16,6520.0
"2019-06-15",8574.9,13242.27,4071.25,9431.07,6865.75
"2019-06-16",7492.98,10322.49,3504.81,8236.97,4888.67
"2019-06-17",3873.36,7615.85,3864.69,4685.42,4481.61
"2019-06-18",3850.91,7598.78,3263.11,5500.08,4134.9
"2019-06-19",4022.87,8009.6,3732.78,5950.43,5963.0
"2019-06-20",4483.75,9090.08,3809.5,7500.88,5026.11
"2019-06-21",5998.28,10690.14,3873.84,8645.15,5540.97
"2019-06-22",9033.21,13392.95,4188.95,10925.37,5882.47
"2019-06-23",6667.7,9518.75,3556.03,7121.31,4802.15
"2019-06-24",4016.23,7167.07,3426.07,5394.57,4175.25
"2019-06-25",4137.32,6561.9,3074.82,5662.14,4086.95
"2019-06-26",4163.49,7012.94,3210.23,6421.03,4234.64
"2019-06-27",4256.62,7875.66,3872.44,5855.36,4058.15
"2019-06-28",6394.22,10889.02,3723.13,7489.22,5251.4
"2019-06-29",7594.21,11041.64,4017.71,8936.37,6057.92
"2019-06-30",8343.92,10839.45,4009.67,8617.79,6290.77
"2019-07-01",4460.56,7948.72,3519.59,6129.85,4711.6
"2019-07-02",4459.92,7533.37,2852.69,5464.68,4835.37
"2019-07-03",4463.7,8496.58,3268.4,6092.42,4199.03
"2019-07-04",4459.73,8467.13,3316.3,6695.15,4306.89
"2019-07-05",6267.79,9966.52,4053.68,7739.09,5219.53
"2019-07-06",9877.73,11860.36,4253.04,9525.38,5560.21
"2019-07-07",9029.05,8911.49,3652.96,8547.24,4585.48
"2019-07-08",4560.86,7725.49,3436.22,5205.3,4372.7
"2019-07-09",5139.0,7893.46,3008.7,5822.03,4485.87
"2019-07-10",6205.11,9108.19,3488.83,7308.45,4943.33
"2019-07-11",5405.49,9030.07,3555.16,6106.81,4579.32
"2019-07-12",6975.42,10101.87,3493.43,8584.23,5158.72
"2019-07-13",10238.67,12047.07,4254.78,9792.21,6737.25
"2019-07-14",10121.24,10470.6,3747.49,7785.7,5000.98
"2019-07-15",6441.35,8671.24,3543.59,5883.4,4435.18
"2019-07-16",4266.63,7861.54,3470.52,5545.58,3722.96
"2019-07-17",4614.17,7827.76,3091.37,6499.14,4182.45
"2019-07-18",4994.9,8407.41,3792.5,7056.72,4518.78
"2019-07-19",5702.04,10454.22,4003.58,7769.69,5547.67
"2019-07-20",9337.42,11364.96,4442.54,9723.41,5317.58
"2019-07-21",7812.86,10050.67,3395.06,7099.58,4892.25
"2019-07-22",4530.58,7680.93,3512.79,5707.76,4405.5
"2019-07-23",4339.91,7174.64,3186.5,6338.9,3964.78
"2019-07-24",4407.6,8223.38,3222.7,6013.92,3671.96
"2019-07-25",4642.0,7266.95,3336.7,6142.9,4510.75
"2019-07-26",5936.7,10472.09,3471.25,8161.12,5868.32
"2019-07-27",9941.43,12319.47,4119.02,10277.34,6327.34
"2019-07-28",11028.45,10636.68,3465.91,7420.97,5856.18
"2019-07-29",4528.27,7080.53,3337.85,6082.76,4056.68
"2019-07-30",4430.97,8094.23,3380.29,5729.56,4008.15
"2019-07-31",4453.29,8466.85,3008.36,6924.43,4554.27
"2019-08-01",5137.09,8670.17,3282.56,6208.56,4560.37
"2019-08-02",6088.15,11181.35,3462.13,7839.26,5518.36
"2019-08-03",8068.59,11164.48,3934.71,9175.19,5340.93
"2019-08-04",7422.74,8614.86,3494.68,7218.62,4377.18
"2019-08-05",4736.57,7372.22,3009.98,5489.2,4347.53
"2019-08-06",4402.41,7028.03,3037.83,5784.79,3904.21
"2019-08-07",4815.4,7686.13,3299.63,5832.44,4301.65
"2019-08-08",5442.29,7713.49,2999.8,6164.34,4590.41
"2019-08-09",5179.92,10193.73,3511.94,7139.7,4808.37
"2019-08-10",7835.34,9406.19,4182.14,7285.33,4540.39
"2019-08-11",7192.01,8026.42,3436.82,6206.26,4086.69
"2019-08-12",5748.51,8326.05,3457.49,5778.05,3911.44
"2019-08-13",5368.54,7514.29,3177.54,5345.26,4543.88
"2019-08-14",5474.04,8541.67,3561.0,6346.28,4060.11
"2019-08-15",2267.88,7031.82,2822.97,5070.27,2597.61
"2019-08-16",5726.9,9226.6,3977.61,6567.5,4205.11
"2019-08-17",7445.84,9513.79,4334.03,7724.88,4550.96
"2019-08-18",7162.79,8259.66,3182.56,6371.9,4901.45
"2019-08-19",5160.79,7694.74,3422.24,5804.93,4016.42
"2019-08-20",4738.59,7631.88,3318.71,6022.62,4137.35
"2019-08-21",6281.24,8206.73,3271.5,6380.3,4355.56
"2019-08-22",5581.85,8708.56,3156.07,6453.19,3969.22
"2019-08-23",6658.52,8993.03,3335.81,7944.11,4997.67
"2019-08-24",10222.91,12417.32,3729.3,8668.76,5337.34
"2019-08-25",8684.62,9355.84,4035.06,6136.23,4782.28
"2019-08-26",4586.68,7730.46,3291.16,5684.02,4517.89
"2019-08-27",4780.81,8217.53,3099.58,5505.48,5200.6
"2019-08-28",6742.8,8692.84,3782.7,6738.66,5567.0
"2019-08-29",5661.24,8371.85,3569.99,6427.58,4719.58
"2019-08-30",6307.81,10763.19,3624.05,8637.88,6431.84
"2019-08-31",9260.66,13119.66,4066.99,9796.32,6015.06
"2019-09-01",9559.35,10782.28,3712.8,8988.66,6013.97
"2019-09-02",4998.2,8927.61,4265.11,6152.35,4578.96
"2019-09-03",5173.43,8959.28,4169.26,6759.73,5110.77
"2019-09-04",5750.51,8985.99,3648.92,6333.36,4423.56
"2019-09-05",6136.12,9315.84,4053.94,6719.59,5057.42
"2019-09-06",8065.88,12561.67,3665.64,8782.38,5610.14
"2019-09-07",10129.31,13418.71,4342.6,9480.7,6644.21
"2019-09-08",9890.83,11193.65,3554.67,8557.93,6234.28
"2019-09-09",5825.75,8503.87,3591.64,6041.13,5863.88
"2019-09-10",5848.5,9807.68,3892.96,6612.58,5501.06
"2019-09-11",5242.76,9635.82,4153.41,6616.73,5653.11
"2019-09-12",5014.96,10548.73,4345.42,6813.97,6934.35
"2019-09-13",7020.59,12116.65,4853.15,8687.47,7844.42
"2019-09-14",10737.84,14094.11,5224.24,10860.33,7148.33
"2019-09-15",9416.44,12902.45,4062.14,8120.59,5337.1
"2019-09-16",3900.53,9622.78,5205.43,5612.33,5264.22
"2019-09-17",4181.51,7841.44,4445.01,5234.32,5315.63
"2019-09-18",4681.61,7870.17,3874.37,5493.71,5808.57
"2019-09-19",5252.08,9828.54,4293.4,6816.79,6955.66
"2019-09-20",6964.53,12435.58,4750.7,9095.31,6901.87
"2019-09-21",10231.77,14949.38,5371.21,9725.21,7421.85
"2019-09-22",9241.11,12034.41,3800.23,9034.48,5622.9
"2019-09-23",3807.86,7704.65,3783.89,4999.05,4299.37
"2019-09-24",3877.35,7455.86,3921.68,5274.29,4638.36
"2019-09-25",3991.29,8470.87,3813.48,6114.16,4878.0
"2019-09-26",3842.37,9298.41,3559.56,5918.11,5439.34
"2019-09-27",6461.8,12262.12,6721.53,8706.45,7778.73
"2019-09-28",10222.24,14966.89,4676.27,10100.26,7340.39
"2019-09-29",9209.18,11375.89,3840.17,7427.0,5844.9
"2019-09-30",3281.88,7384.99,3776.67,5981.48,4091.54
"2019-10-01",3640.64,7338.25,3951.13,5596.38,5026.44
"2019-10-02",3756.39,8174.64,3705.89,6156.54,5190.61
"2019-10-03",4092.11,7901.51,3654.56,6315.85,6245.14
"2019-10-04",5864.6,12291.15,4820.69,7888.16,8094.65
"2019-10-05",10125.49,13768.3,4922.76,10822.45,6927.73
"2019-10-06",9252.63,10497.76,3791.27,7766.78,5424.46
"2019-10-07",3842.52,6621.35,3220.4,5030.67,4284.95
"2019-10-08",4187.47,7520.4,3169.3,5057.7,4254.58
"2019-10-09",4119.36,7543.71,3309.21,5769.19,4407.25
"2019-10-10",4028.74,8207.61,3713.72,5802.41,4265.26
"2019-10-11",6637.52,11712.85,4682.61,8113.72,7514.25
"2019-10-12",11155.14,14510.01,5204.96,11072.12,7570.17
"2019-10-13",9982.59,12399.48,3949.47,8089.1,6615.71
"2019-10-14",3760.55,7549.04,3610.84,4721.36,3973.01
"2019-10-15",4266.11,7460.06,4036.85,5715.89,4954.75
"2019-10-16",4650.33,8917.22,3355.55,6407.14,5067.34
"2019-10-17",3968.42,8912.42,3872.36,5962.95,4892.31
"2019-10-18",7209.55,12283.89,4419.81,8592.01,7090.04
"2019-10-19",11685.63,15557.02,5771.92,10823.45,7952.3
"2019-10-20",10499.96,11670.28,4209.48,7878.95,4869.96
"2019-10-21",3062.43,7479.36,3495.72,4855.05,3757.12
"2019-10-22",4584.58,7239.99,3979.19,5530.0,3926.95
"2019-10-23",4181.7,8298.28,3451.43,6233.48,5421.73
"2019-10-24",4185.47,8385.77,3377.7,5394.1,5002.84
"2019-10-25",7067.12,13433.3,4394.67,8883.2,7944.58
"2019-10-26",12282.79,17094.0,5070.3,10921.1,8183.38
"2019-10-27",10698.16,12072.78,4204.56,10440.49,6708.34
"2019-10-28",3945.34,7851.62,4202.24,5356.13,4581.96
"2019-10-29",4256.48,7615.28,3601.63,5085.17,4561.08
"2019-10-30",4485.13,8495.47,4171.14,6114.52,5487.6
"2019-10-31",9628.37,14959.57,4792.74,10320.25,7733.61
"2019-11-01",9926.2,14670.89,4404.6,9300.62,7482.22
"2019-11-02",12124.87,14687.02,4132.18,9291.33,7031.69
"2019-11-03",10923.8,11320.62,3651.08,6900.54,6550.42
"2019-11-04",4062.21,6627.08,3620.89,5135.4,4178.63
"2019-11-05",3945.44,7589.33,3049.84,6507.53,5386.57
"2019-11-06",3810.52,7845.96,3700.93,5544.87,4980.76
"2019-11-07",4203.71,9193.71,3392.83,5766.62,5123.21
"2019-11-08",6780.29,10731.09,3867.85,8001.92,8343.94
"2019-11-09",11472.29,10359.85,4450.44,10635.69,7412.08
"2019-11-10",11212.27,9678.08,3271.28,7830.64,5415.62
"2019-11-11",3607.72,6420.48,3531.93,4780.4,4562.26
"2019-11-12",4061.04,5976.27,3177.0,5127.08,5477.41
"2019-11-13",4159.96,7652.99,3828.91,6045.64,5174.51
"2019-11-14",4000.0,7157.04,3540.65,5590.19,4711.81
"2019-11-15",6637.12,9953.36,4246.84,8904.39,8701.9
"2019-11-16",11279.04,13602.61,4823.94,9634.14,7676.07
"2019-11-17",11770.17,10403.33,3509.55,9034.35,5485.05
"2019-11-18",3767.34,5894.89,3464.59,5193.46,4659.91
"2019-11-19",3704.8,5816.5,3308.52,5633.95,4647.4
"2019-11-20",4145.02,6491.21,3566.43,6283.96,6222.36
"2019-11-21",4650.92,5618.48,3753.23,6340.02,5685.78
"2019-11-22",6774.66,9606.69,4095.53,9346.27,7537.24
"2019-11-23",11047.6,12202.62,4454.97,9538.0,7658.47
"2019-11-24",11048.34,9245.8,3591.25,8245.27,5620.17
"2019-11-25",3646.84,5909.1,3869.36,4740.89,4412.53
"2019-11-26",3631.83,6403.18,3675.96,5549.8,4817.26
"2019-11-27",4507.6,7266.56,3048.36,5930.21,5035.45
"2019-11-28",4450.41,7176.6,3760.83,5665.64,5614.23
"2019-11-29",8160.59,9997.15,4575.0,8337.59,7495.75
"2019-11-30",12471.61,12256.9,5052.68,10733.74,8561.0
"2019-12-01",12009.94,9373.79,3847.51,8527.46,5620.24
"2019-12-02",4464.32,5772.36,3469.46,4814.57,4366.94
"2019-12-03",3915.95,5999.57,3432.91,5241.61,4963.09
"2019-12-04",4619.52,7104.15,3567.6,5873.33,4631.24
"2019-12-05",4519.47,6554.76,3234.23,5734.79,5061.03
"2019-12-06",7180.84,10228.49,4432.5,7980.97,7905.37
"2019-12-07",10553.4,11496.71,5053.33,9599.19,7663.24
"2019-12-08",11494.23,8966.84,3865.62,7755.27,5600.96
"2019-12-09",5096.09,6853.99,3514.99,4859.86,4205.57
"2019-12-10",4988.83,8269.06,3894.89,5888.22,5445.83
"2019-12-11",5698.18,7624.52,3727.74,6689.93,5605.79
"2019-12-12",4851.94,7527.69,3927.16,6304.27,6471.0
"2019-12-13",7389.52,10435.21,4485.46,8203.97,8608.61
"2019-12-14",12853.47,12196.57,5225.63,10236.51,8291.35
"2019-12-15",12064.05,10303.45,4179.15,8734.92,6054.41
"2019-12-16",4554.77,6045.44,4049.83,5571.98,5263.1
"2019-12-17",4917.9,7907.76,3809.95,6849.85,5694.15
"2019-12-18",5866.04,6887.62,4246.05,7363.83,6427.22
"2019-12-19",6388.26,8760.47,4231.84,7684.91,6414.81
"2019-12-20",8623.82,11205.6,6225.43,10317.43,8600.08
"2019-12-21",14093.94,12878.82,5340.75,10077.7,8404.56
"2019-12-22",15255.82,10366.48,3908.24,9417.69,6648.26
"2019-12-23",8227.38,9084.04,4793.93,7110.73,6555.69
"2019-12-24",4747.06,3843.77,4033.13,2479.08,2092.52
"2019-12-25",2725.79,4695.23,2913.35,2530.92,1883.45
"2019-12-26",8980.87,10132.2,2822.97,6906.4,4731.4
"2019-12-27",9607.42,9513.7,3834.64,8092.83,5867.34
"2019-12-28",12422.38,9883.26,4275.18,8799.55,6519.18
"2019-12-29",10606.49,9436.72,3238.58,7715.99,5384.15
"2019-12-30",7996.92,8531.67,4186.96,7319.35,5485.66
"2019-12-31",3224.15,3128.11,2881.49,2969.52,1766.59
"2020-01-01",9214.8,12238.06,2913.35,7951.44,6281.31
"2020-01-02",8445.76,9072.21,4472.73,6410.84,5720.1
"2020-01-03",8462.55,9746.61,3851.34,8045.43,6216.85
"2020-01-04",13169.56,11875.81,4230.98,9042.46,6121.55
