Data anno corrente,Giorno settimana,Vendite R4,Scontrini R4
2017-01-02,Lunedi,2621.02,641.0
2017-01-03,Martedi,2656.17,566.0
2017-01-04,Mercoledi,2595.82,568.0
2017-01-05,Giovedi,2926.33,605.0
2017-01-06,Venerdi,2206.11,470.0
2017-01-07,Sabato,3042.33,679.0
2017-01-08,Domenica,2305.7,440.0
2017-01-09,Lunedi,2329.11,591.0
2017-01-10,Martedi,2200.75,586.0
2017-01-11,Mercoledi,2081.64,555.0
2017-01-12,Giovedi,2619.43,615.0
2017-01-13,Venerdi,2632.01,636.0
2017-01-14,Sabato,3397.14,723.0
2017-01-15,Domenica,2440.25,509.0
2017-01-16,Lunedi,2413.18,616.0
2017-01-17,Martedi,2684.89,613.0
2017-01-18,Mercoledi,2786.04,650.0
2017-01-19,Giovedi,2785.1,616.0
2017-01-20,Venerdi,2805.89,628.0
2017-01-21,Sabato,3752.62,791.0
2017-01-22,Domenica,2471.06,507.0
2017-01-23,Lunedi,2800.48,636.0
2017-01-24,Martedi,2311.37,582.0
2017-01-25,Mercoledi,2680.68,617.0
2017-01-26,Giovedi,2707.39,652.0
2017-01-27,Venerdi,3074.69,705.0
2017-01-28,Sabato,3346.97,744.0
2017-01-29,Domenica,2159.16,461.0
2017-01-30,Lunedi,2341.69,588.0
2017-01-31,Martedi,2430.98,591.0
2017-02-01,Mercoledi,2448.84,591.0
2017-02-02,Giovedi,2318.91,612.0
2017-02-03,Venerdi,2894.55,647.0
2017-02-04,Sabato,3351.18,770.0
2017-02-05,Domenica,2121.33,406.0
2017-02-06,Lunedi,2497.51,688.0
2017-02-07,Martedi,2336.6,621.0
2017-02-08,Mercoledi,2797.34,683.0
2017-02-09,Giovedi,3083.39,692.0
2017-02-10,Venerdi,3545.97,704.0
2017-02-11,Sabato,3412.86,779.0
2017-02-12,Domenica,2692.85,514.0
2017-02-13,Lunedi,2753.55,670.0
2017-02-14,Martedi,2817.72,645.0
2017-02-15,Mercoledi,3044.89,693.0
2017-02-16,Giovedi,2496.98,626.0
2017-02-17,Venerdi,2711.26,655.0
2017-02-18,Sabato,3499.17,789.0
2017-02-19,Domenica,2818.62,569.0
2017-02-20,Lunedi,2515.4,653.0
2017-02-21,Martedi,2754.23,656.0
2017-02-22,Mercoledi,3009.98,673.0
2017-02-23,Giovedi,2369.06,597.0
2017-02-24,Venerdi,3134.82,730.0
2017-02-25,Sabato,3484.04,745.0
2017-02-26,Domenica,2442.5,533.0
2017-02-27,Lunedi,2676.27,718.0
2017-02-28,Martedi,2496.48,672.0
2017-03-01,Mercoledi,3048.72,741.0
2017-03-02,Giovedi,2599.55,671.0
2017-03-03,Venerdi,3276.31,767.0
2017-03-04,Sabato,3774.53,769.0
2017-03-05,Domenica,2491.94,515.0
2017-03-06,Lunedi,2797.0,771.0
2017-03-07,Martedi,2656.03,701.0
2017-03-08,Mercoledi,2934.38,697.0
2017-03-09,Giovedi,2683.78,677.0
2017-03-10,Venerdi,3235.61,744.0
2017-03-11,Sabato,3684.47,821.0
2017-03-12,Domenica,2350.48,506.0
2017-03-13,Lunedi,2487.28,699.0
2017-03-14,Martedi,2484.42,645.0
2017-03-15,Mercoledi,2827.88,716.0
2017-03-16,Giovedi,2691.55,677.0
2017-03-17,Venerdi,3265.55,767.0
2017-03-18,Sabato,3987.55,779.0
2017-03-19,Domenica,2675.29,541.0
2017-03-20,Lunedi,2879.1,738.0
2017-03-21,Martedi,2596.18,677.0
2017-03-22,Mercoledi,2940.56,713.0
2017-03-23,Giovedi,2911.56,669.0
2017-03-24,Venerdi,3112.24,743.0
2017-03-25,Sabato,3383.28,744.0
2017-03-26,Domenica,2895.42,567.0
2017-03-27,Lunedi,2878.15,713.0
2017-03-28,Martedi,2535.41,666.0
2017-03-29,Mercoledi,2562.13,653.0
2017-03-30,Giovedi,2208.31,603.0
2017-03-31,Venerdi,3016.94,695.0
2017-04-01,Sabato,3628.62,848.0
2017-04-02,Domenica,2619.08,570.0
2017-04-03,Lunedi,2912.18,748.0
2017-04-04,Martedi,2423.01,639.0
2017-04-05,Mercoledi,2849.71,716.0
2017-04-06,Giovedi,2788.54,714.0
2017-04-07,Venerdi,2891.95,683.0
2017-04-08,Sabato,3411.91,800.0
2017-04-09,Domenica,2504.62,466.0
2017-04-10,Lunedi,2380.3,664.0
2017-04-11,Martedi,2483.23,645.0
2017-04-12,Mercoledi,3045.21,780.0
2017-04-13,Giovedi,3127.15,706.0
2017-04-14,Venerdi,2660.78,666.0
2017-04-15,Sabato,3503.4,756.0
2017-04-16,Domenica,,
2017-04-17,Lunedi,,
2017-04-18,Martedi,3034.19,679.0
2017-04-19,Mercoledi,2882.53,699.0
2017-04-20,Giovedi,2449.01,642.0
2017-04-21,Venerdi,2902.88,708.0
2017-04-22,Sabato,3633.75,834.0
2017-04-23,Domenica,2421.21,503.0
2017-04-24,Lunedi,2875.07,669.0
2017-04-25,Martedi,2663.89,547.0
2017-04-26,Mercoledi,2487.53,635.0
2017-04-27,Giovedi,2464.73,635.0
2017-04-28,Venerdi,2871.11,716.0
2017-04-29,Sabato,3483.07,783.0
2017-04-30,Domenica,2258.93,489.0
2017-05-01,Lunedi,2183.71,522.0
2017-05-02,Martedi,2524.99,654.0
2017-05-03,Mercoledi,2726.02,653.0
2017-05-04,Giovedi,2744.5,659.0
2017-05-05,Venerdi,2649.67,671.0
2017-05-06,Sabato,3141.09,681.0
2017-05-07,Domenica,2495.57,546.0
2017-05-08,Lunedi,2194.5,660.0
2017-05-09,Martedi,2505.63,665.0
2017-05-10,Mercoledi,2389.0,613.0
2017-05-11,Giovedi,2826.01,654.0
2017-05-12,Venerdi,2995.47,719.0
2017-05-13,Sabato,3645.61,832.0
2017-05-14,Domenica,2265.88,508.0
2017-05-15,Lunedi,2993.44,717.0
2017-05-16,Martedi,2637.71,656.0
2017-05-17,Mercoledi,2273.99,600.0
2017-05-18,Giovedi,2472.34,661.0
2017-05-19,Venerdi,3107.52,663.0
2017-05-20,Sabato,3535.41,791.0
2017-05-21,Domenica,2558.43,553.0
2017-05-22,Lunedi,2495.91,652.0
2017-05-23,Martedi,2294.89,606.0
2017-05-24,Mercoledi,2583.13,641.0
2017-05-25,Giovedi,2166.06,581.0
2017-05-26,Venerdi,2744.14,683.0
2017-05-27,Sabato,3190.2,731.0
2017-05-28,Domenica,2111.27,447.0
2017-05-29,Lunedi,2220.61,612.0
2017-05-30,Martedi,2361.35,591.0
2017-05-31,Mercoledi,2437.55,606.0
2017-06-01,Giovedi,2893.54,668.0
2017-06-02,Venerdi,2248.25,532.0
2017-06-03,Sabato,2957.13,672.0
2017-06-04,Domenica,2130.92,458.0
2017-06-05,Lunedi,2504.63,645.0
2017-06-06,Martedi,2197.14,557.0
2017-06-07,Mercoledi,3491.43,754.0
2017-06-08,Giovedi,2262.51,541.0
2017-06-09,Venerdi,2603.35,596.0
2017-06-10,Sabato,3042.53,664.0
2017-06-11,Domenica,2194.99,490.0
2017-06-12,Lunedi,2355.05,565.0
2017-06-13,Martedi,2028.39,547.0
2017-06-14,Mercoledi,2473.0,626.0
2017-06-15,Giovedi,2379.98,577.0
2017-06-16,Venerdi,2530.59,591.0
2017-06-17,Sabato,2869.45,633.0
2017-06-18,Domenica,2670.12,528.0
2017-06-19,Lunedi,2435.51,573.0
2017-06-20,Martedi,2516.64,613.0
2017-06-21,Mercoledi,2249.75,590.0
2017-06-22,Giovedi,2446.85,598.0
2017-06-23,Venerdi,2686.49,633.0
2017-06-24,Sabato,2857.25,660.0
2017-06-25,Domenica,2860.69,575.0
2017-06-26,Lunedi,2628.86,606.0
2017-06-27,Martedi,2559.67,614.0
2017-06-28,Mercoledi,2669.48,634.0
2017-06-29,Giovedi,2584.65,645.0
2017-06-30,Venerdi,3169.07,698.0
2017-07-01,Sabato,3531.81,752.0
2017-07-02,Domenica,2624.21,556.0
2017-07-03,Lunedi,2625.1,668.0
2017-07-04,Martedi,2331.92,596.0
2017-07-05,Mercoledi,2962.0,731.0
2017-07-06,Giovedi,2693.68,687.0
2017-07-07,Venerdi,2567.78,667.0
2017-07-08,Sabato,3137.24,716.0
2017-07-09,Domenica,2736.63,633.0
2017-07-10,Lunedi,2856.06,682.0
2017-07-11,Martedi,2593.99,594.0
2017-07-12,Mercoledi,2790.29,658.0
2017-07-13,Giovedi,2603.35,625.0
2017-07-14,Venerdi,3008.87,677.0
2017-07-15,Sabato,3428.42,779.0
2017-07-16,Domenica,2954.92,610.0
2017-07-17,Lunedi,2730.76,647.0
2017-07-18,Martedi,2596.66,640.0
2017-07-19,Mercoledi,2733.99,656.0
2017-07-20,Giovedi,2563.92,635.0
2017-07-21,Venerdi,3245.33,702.0
2017-07-22,Sabato,3431.52,789.0
2017-07-23,Domenica,2841.0,584.0
2017-07-24,Lunedi,2447.18,575.0
2017-07-25,Martedi,2562.59,637.0
2017-07-26,Mercoledi,2709.42,676.0
2017-07-27,Giovedi,2359.18,551.0
2017-07-28,Venerdi,2659.42,638.0
2017-07-29,Sabato,3315.08,722.0
2017-07-30,Domenica,2628.8,539.0
2017-07-31,Lunedi,2722.02,653.0
2017-08-01,Martedi,2691.56,634.0
2017-08-02,Mercoledi,2537.88,642.0
2017-08-03,Giovedi,2328.12,637.0
2017-08-04,Venerdi,2890.51,702.0
2017-08-05,Sabato,3016.16,725.0
2017-08-06,Domenica,2412.86,541.0
2017-08-07,Lunedi,2164.41,599.0
2017-08-08,Martedi,2497.64,600.0
2017-08-09,Mercoledi,2332.21,591.0
2017-08-10,Giovedi,2420.07,562.0
2017-08-11,Venerdi,3146.21,635.0
2017-08-12,Sabato,3359.84,736.0
2017-08-13,Domenica,2565.74,587.0
2017-08-14,Lunedi,2951.78,708.0
2017-08-15,Martedi,,
2017-08-16,Mercoledi,3289.4,720.0
2017-08-17,Giovedi,2543.52,629.0
2017-08-18,Venerdi,2888.66,695.0
2017-08-19,Sabato,3284.05,701.0
2017-08-20,Domenica,2658.15,577.0
2017-08-21,Lunedi,2730.55,634.0
2017-08-22,Martedi,2628.9,594.0
2017-08-23,Mercoledi,2480.52,582.0
2017-08-24,Giovedi,2605.84,615.0
2017-08-25,Venerdi,2670.06,618.0
2017-08-26,Sabato,3323.41,718.0
2017-08-27,Domenica,2640.37,527.0
2017-08-28,Lunedi,2820.24,634.0
2017-08-29,Martedi,2505.72,588.0
2017-08-30,Mercoledi,2591.08,594.0
2017-08-31,Giovedi,2597.67,576.0
2017-09-01,Venerdi,3378.38,667.0
2017-09-02,Sabato,3280.83,697.0
2017-09-03,Domenica,2664.62,542.0
2017-09-04,Lunedi,3268.07,743.0
2017-09-05,Martedi,3031.91,633.0
2017-09-06,Mercoledi,2954.15,647.0
2017-09-07,Giovedi,2766.95,607.0
2017-09-08,Venerdi,3054.88,658.0
2017-09-09,Sabato,3561.35,725.0
2017-09-10,Domenica,2313.4,468.0
2017-09-11,Lunedi,3452.37,703.0
2017-09-12,Martedi,3171.35,701.0
2017-09-13,Mercoledi,3755.43,758.0
2017-09-14,Giovedi,3463.67,694.0
2017-09-15,Venerdi,4448.08,825.0
2017-09-16,Sabato,3763.11,794.0
2017-09-17,Domenica,2853.77,606.0
2017-09-18,Lunedi,3597.2,748.0
2017-09-19,Martedi,3035.82,720.0
2017-09-20,Mercoledi,3338.44,779.0
2017-09-21,Giovedi,3035.65,673.0
2017-09-22,Venerdi,3710.43,798.0
2017-09-23,Sabato,4035.4,851.0
2017-09-24,Domenica,3161.74,582.0
2017-09-25,Lunedi,3088.18,732.0
2017-09-26,Martedi,2658.01,671.0
2017-09-27,Mercoledi,3149.58,716.0
2017-09-28,Giovedi,2999.93,723.0
2017-09-29,Venerdi,3570.48,788.0
2017-09-30,Sabato,3543.88,709.0
2017-10-01,Domenica,2911.4,574.0
2017-10-02,Lunedi,2827.02,734.0
2017-10-03,Martedi,2803.64,664.0
2017-10-04,Mercoledi,2718.13,677.0
2017-10-05,Giovedi,3159.03,690.0
2017-10-06,Venerdi,3361.1,805.0
2017-10-07,Sabato,3626.09,792.0
2017-10-08,Domenica,2867.87,601.0
2017-10-09,Lunedi,3162.55,732.0
2017-10-10,Martedi,2871.93,672.0
2017-10-11,Mercoledi,2922.68,703.0
2017-10-12,Giovedi,2972.48,689.0
2017-10-13,Venerdi,3320.74,766.0
2017-10-14,Sabato,3875.02,796.0
2017-10-15,Domenica,2731.84,574.0
2017-10-16,Lunedi,2608.65,687.0
2017-10-17,Martedi,3299.92,755.0
2017-10-18,Mercoledi,2929.26,721.0
2017-10-19,Giovedi,3134.93,736.0
2017-10-20,Venerdi,3445.32,775.0
2017-10-21,Sabato,4530.2,860.0
2017-10-22,Domenica,2510.8,553.0
2017-10-23,Lunedi,3232.27,789.0
2017-10-24,Martedi,2847.74,722.0
2017-10-25,Mercoledi,2706.43,651.0
2017-10-26,Giovedi,2840.72,689.0
2017-10-27,Venerdi,3551.64,770.0
2017-10-28,Sabato,3948.51,798.0
2017-10-29,Domenica,3090.26,590.0
2017-10-30,Lunedi,3236.45,765.0
2017-10-31,Martedi,3725.13,820.0
2017-11-01,Mercoledi,2830.52,564.0
2017-11-02,Giovedi,2696.7,630.0
2017-11-03,Venerdi,3010.35,678.0
2017-11-04,Sabato,3681.0,787.0
2017-11-05,Domenica,2332.18,498.0
2017-11-06,Lunedi,2921.67,771.0
2017-11-07,Martedi,2414.62,622.0
2017-11-08,Mercoledi,2811.11,684.0
2017-11-09,Giovedi,2956.61,752.0
2017-11-10,Venerdi,2991.76,718.0
2017-11-11,Sabato,3638.26,806.0
2017-11-12,Domenica,2705.03,553.0
2017-11-13,Lunedi,3075.25,743.0
2017-11-14,Martedi,2805.77,713.0
2017-11-15,Mercoledi,3138.36,761.0
2017-11-16,Giovedi,3333.37,772.0
2017-11-17,Venerdi,3182.98,739.0
2017-11-18,Sabato,4028.77,798.0
2017-11-19,Domenica,2605.86,510.0
2017-11-20,Lunedi,3005.06,723.0
2017-11-21,Martedi,2954.91,735.0
2017-11-22,Mercoledi,2726.56,640.0
2017-11-23,Giovedi,2830.32,657.0
2017-11-24,Venerdi,4102.11,823.0
2017-11-25,Sabato,3698.36,798.0
2017-11-26,Domenica,3327.01,623.0
2017-11-27,Lunedi,3045.13,701.0
2017-11-28,Martedi,3092.17,725.0
2017-11-29,Mercoledi,2900.85,679.0
2017-11-30,Giovedi,3218.99,686.0
2017-12-01,Venerdi,3966.87,946.0
2017-12-02,Sabato,3824.43,847.0
2017-12-03,Domenica,2692.7,562.0
2017-12-04,Lunedi,3148.46,766.0
2017-12-05,Martedi,3114.8,725.0
2017-12-06,Mercoledi,3507.54,767.0
2017-12-07,Giovedi,3485.82,843.0
2017-12-08,Venerdi,2817.25,618.0
2017-12-09,Sabato,3394.19,743.0
2017-12-10,Domenica,2276.72,477.0
2017-12-11,Lunedi,2703.48,632.0
2017-12-12,Martedi,2820.17,667.0
2017-12-13,Mercoledi,3198.29,741.0
2017-12-14,Giovedi,2977.34,694.0
2017-12-15,Venerdi,3370.26,784.0
2017-12-16,Sabato,4405.0,857.0
2017-12-17,Domenica,3230.61,611.0
2017-12-18,Lunedi,3193.33,740.0
2017-12-19,Martedi,3732.04,802.0
2017-12-20,Mercoledi,3451.33,742.0
2017-12-21,Giovedi,3601.77,794.0
2017-12-22,Venerdi,4441.57,858.0
2017-12-23,Sabato,4718.82,840.0
2017-12-24,Domenica,2980.59,555.0
2017-12-25,Lunedi,,
2017-12-26,Martedi,,
2017-12-27,Mercoledi,3120.45,601.0
2017-12-28,Giovedi,3448.55,667.0
2017-12-29,Venerdi,3306.01,659.0
2017-12-30,Sabato,4050.75,753.0
2017-12-31,Domenica,2164.3,440.0
2018-01-01,Lunedi,,
2018-01-02,Martedi,3260.1,647.0
2018-01-03,Mercoledi,2706.61,616.0
2018-01-04,Giovedi,2554.5,552.0
2018-01-05,Venerdi,2895.44,612.0
2018-01-06,Sabato,2894.71,586.0
2018-01-07,Domenica,2469.75,524.0
2018-01-08,Lunedi,2680.04,626.0
2018-01-09,Martedi,2765.7,623.0
2018-01-10,Mercoledi,2746.45,648.0
2018-01-11,Giovedi,2562.93,588.0
2018-01-12,Venerdi,3257.31,711.0
2018-01-13,Sabato,4173.5,769.0
2018-01-14,Domenica,2975.06,557.0
2018-01-15,Lunedi,3138.36,686.0
2018-01-16,Martedi,3007.66,692.0
2018-01-17,Mercoledi,3243.98,706.0
2018-01-18,Giovedi,3065.98,686.0
2018-01-19,Venerdi,3670.24,800.0
2018-01-20,Sabato,4435.82,807.0
2018-01-21,Domenica,3039.77,561.0
2018-01-22,Lunedi,3289.15,777.0
2018-01-23,Martedi,3000.37,691.0
2018-01-24,Mercoledi,3339.94,724.0
2018-01-25,Giovedi,3209.48,693.0
2018-01-26,Venerdi,3263.57,716.0
2018-01-27,Sabato,4085.92,813.0
2018-01-28,Domenica,2892.53,543.0
2018-01-29,Lunedi,3398.42,694.0
2018-01-30,Martedi,2586.57,636.0
2018-01-31,Mercoledi,2806.37,677.0
2018-02-01,Giovedi,3052.66,720.0
2018-02-02,Venerdi,3265.27,757.0
2018-02-03,Sabato,4417.36,897.0
2018-02-04,Domenica,2730.04,589.0
2018-02-05,Lunedi,3171.16,708.0
2018-02-06,Martedi,2909.65,694.0
2018-02-07,Mercoledi,2767.02,667.0
2018-02-08,Giovedi,2868.81,690.0
2018-02-09,Venerdi,3285.81,756.0
2018-02-10,Sabato,3875.23,782.0
2018-02-11,Domenica,3217.23,617.0
2018-02-12,Lunedi,3079.51,759.0
2018-02-13,Martedi,2673.49,674.0
2018-02-14,Mercoledi,3534.6,773.0
2018-02-15,Giovedi,3096.84,693.0
2018-02-16,Venerdi,3712.38,804.0
2018-02-17,Sabato,3718.33,854.0
2018-02-18,Domenica,2866.43,584.0
2018-02-19,Lunedi,3255.27,765.0
2018-02-20,Martedi,3256.23,725.0
2018-02-21,Mercoledi,3065.92,719.0
2018-02-22,Giovedi,3133.22,725.0
2018-02-23,Venerdi,3034.2,747.0
2018-02-24,Sabato,3829.25,800.0
2018-02-25,Domenica,2691.88,541.0
2018-02-26,Lunedi,3077.52,802.0
2018-02-27,Martedi,2886.86,755.0
2018-02-28,Mercoledi,3267.2,839.0
2018-03-01,Giovedi,2694.45,692.0
2018-03-02,Venerdi,3133.97,820.0
2018-03-03,Sabato,3146.31,791.0
2018-03-04,Domenica,2810.35,642.0
2018-03-05,Lunedi,3564.49,818.0
2018-03-06,Martedi,2751.55,755.0
2018-03-07,Mercoledi,3037.99,753.0
2018-03-08,Giovedi,2745.13,671.0
2018-03-09,Venerdi,3151.34,783.0
2018-03-10,Sabato,3868.18,844.0
2018-03-11,Domenica,2594.57,529.0
2018-03-12,Lunedi,3044.48,757.0
2018-03-13,Martedi,2805.49,732.0
2018-03-14,Mercoledi,2901.77,723.0
2018-03-15,Giovedi,2890.44,763.0
2018-03-16,Venerdi,3335.57,781.0
2018-03-17,Sabato,4134.1,825.0
2018-03-18,Domenica,2708.07,573.0
2018-03-19,Lunedi,3149.03,751.0
2018-03-20,Martedi,3457.59,806.0
2018-03-21,Mercoledi,3267.37,751.0
2018-03-22,Giovedi,3280.43,748.0
2018-03-23,Venerdi,3502.84,861.0
2018-03-24,Sabato,4109.43,858.0
2018-03-25,Domenica,2867.2,618.0
2018-03-26,Lunedi,2658.93,750.0
2018-03-27,Martedi,2863.61,721.0
2018-03-28,Mercoledi,3851.62,879.0
2018-03-29,Giovedi,2866.57,676.0
2018-03-30,Venerdi,3268.4,714.0
2018-03-31,Sabato,3245.26,764.0
2018-04-01,Domenica,,
2018-04-02,Lunedi,,
2018-04-03,Martedi,3374.38,721.0
2018-04-04,Mercoledi,2657.02,670.0
2018-04-05,Giovedi,2768.82,690.0
2018-04-06,Venerdi,3547.51,769.0
2018-04-07,Sabato,3445.37,822.0
2018-04-08,Domenica,2485.0,547.0
2018-04-09,Lunedi,2871.51,668.0
2018-04-10,Martedi,2941.05,692.0
2018-04-11,Mercoledi,3093.36,642.0
2018-04-12,Giovedi,3149.08,705.0
2018-04-13,Venerdi,3836.03,799.0
2018-04-14,Sabato,4320.07,857.0
2018-04-15,Domenica,2995.07,604.0
2018-04-16,Lunedi,2800.65,695.0
2018-04-17,Martedi,3002.63,726.0
2018-04-18,Mercoledi,3229.33,782.0
2018-04-19,Giovedi,3510.86,808.0
2018-04-20,Venerdi,3764.25,850.0
2018-04-21,Sabato,3872.61,846.0
2018-04-22,Domenica,3397.93,688.0
2018-04-23,Lunedi,2959.0,728.0
2018-04-24,Martedi,3481.13,799.0
2018-04-25,Mercoledi,2812.83,605.0
2018-04-26,Giovedi,2883.49,681.0
2018-04-27,Venerdi,3686.89,817.0
2018-04-28,Sabato,3807.41,776.0
2018-04-29,Domenica,3114.8,636.0
2018-04-30,Lunedi,3188.72,738.0
2018-05-01,Martedi,3227.18,640.0
2018-05-02,Mercoledi,3021.1,707.0
2018-05-03,Giovedi,2678.89,696.0
2018-05-04,Venerdi,3531.53,778.0
2018-05-05,Sabato,3663.79,819.0
2018-05-06,Domenica,2880.95,594.0
2018-05-07,Lunedi,3083.08,721.0
2018-05-08,Martedi,2698.28,658.0
2018-05-09,Mercoledi,2828.02,680.0
2018-05-10,Giovedi,3361.83,739.0
2018-05-11,Venerdi,3578.55,813.0
2018-05-12,Sabato,4252.78,881.0
2018-05-13,Domenica,3035.86,623.0
2018-05-14,Lunedi,3081.96,731.0
2018-05-15,Martedi,,
2018-05-16,Mercoledi,6746.36,1523.0
2018-05-17,Giovedi,3345.4,714.0
2018-05-18,Venerdi,3082.33,707.0
2018-05-19,Sabato,3734.85,774.0
2018-05-20,Domenica,2765.93,567.0
2018-05-21,Lunedi,2610.0,675.0
2018-05-22,Martedi,2831.11,667.0
2018-05-23,Mercoledi,2585.18,702.0
2018-05-24,Giovedi,2611.28,673.0
2018-05-25,Venerdi,3555.65,841.0
2018-05-26,Sabato,3681.59,871.0
2018-05-27,Domenica,2751.33,593.0
2018-05-28,Lunedi,2642.11,644.0
2018-05-29,Martedi,2858.74,690.0
2018-05-30,Mercoledi,2748.93,675.0
2018-05-31,Giovedi,3175.34,740.0
2018-06-01,Venerdi,3747.94,810.0
2018-06-02,Sabato,3522.85,717.0
2018-06-03,Domenica,2833.35,556.0
2018-06-04,Lunedi,3087.92,683.0
2018-06-05,Martedi,3024.39,718.0
2018-06-06,Mercoledi,2575.59,631.0
2018-06-07,Giovedi,4171.08,849.0
2018-06-08,Venerdi,3250.61,658.0
2018-06-09,Sabato,3147.9,699.0
2018-06-10,Domenica,2621.66,559.0
2018-06-11,Lunedi,2801.03,626.0
2018-06-12,Martedi,2779.41,620.0
2018-06-13,Mercoledi,3155.71,669.0
2018-06-14,Giovedi,3011.07,634.0
2018-06-15,Venerdi,3637.67,837.0
2018-06-16,Sabato,4243.81,855.0
2018-06-17,Domenica,2832.46,633.0
2018-06-18,Lunedi,3145.06,697.0
2018-06-19,Martedi,3022.14,705.0
2018-06-20,Mercoledi,3096.09,751.0
2018-06-21,Giovedi,3037.16,710.0
2018-06-22,Venerdi,3546.22,730.0
2018-06-23,Sabato,4008.58,865.0
2018-06-24,Domenica,3057.92,653.0
2018-06-25,Lunedi,2942.37,657.0
2018-06-26,Martedi,2589.41,662.0
2018-06-27,Mercoledi,2975.05,698.0
2018-06-28,Giovedi,2695.93,668.0
2018-06-29,Venerdi,3274.78,781.0
2018-06-30,Sabato,3830.8,831.0
2018-07-01,Domenica,3092.13,678.0
2018-07-02,Lunedi,2912.4,703.0
2018-07-03,Martedi,3121.99,762.0
2018-07-04,Mercoledi,2822.65,639.0
2018-07-05,Giovedi,2646.74,659.0
2018-07-06,Venerdi,3374.95,791.0
2018-07-07,Sabato,3623.97,854.0
2018-07-08,Domenica,2919.13,638.0
2018-07-09,Lunedi,3108.44,747.0
2018-07-10,Martedi,3125.67,712.0
2018-07-11,Mercoledi,3501.18,741.0
2018-07-12,Giovedi,2794.35,678.0
2018-07-13,Venerdi,4023.0,861.0
2018-07-14,Sabato,3908.19,830.0
2018-07-15,Domenica,2893.98,609.0
2018-07-16,Lunedi,3154.61,654.0
2018-07-17,Martedi,3072.81,711.0
2018-07-18,Mercoledi,2807.72,679.0
2018-07-19,Giovedi,3027.11,737.0
2018-07-20,Venerdi,3475.8,785.0
2018-07-21,Sabato,4131.83,851.0
2018-07-22,Domenica,3162.26,639.0
2018-07-23,Lunedi,3215.77,728.0
2018-07-24,Martedi,3036.29,693.0
2018-07-25,Mercoledi,2895.91,709.0
2018-07-26,Giovedi,2499.75,634.0
2018-07-27,Venerdi,3389.31,792.0
2018-07-28,Sabato,3545.15,754.0
2018-07-29,Domenica,3216.27,684.0
2018-07-30,Lunedi,2870.31,718.0
2018-07-31,Martedi,2944.94,661.0
2018-08-01,Mercoledi,2841.54,678.0
2018-08-02,Giovedi,2421.68,602.0
2018-08-03,Venerdi,3270.59,725.0
2018-08-04,Sabato,3608.12,847.0
2018-08-05,Domenica,2696.51,619.0
2018-08-06,Lunedi,2634.29,655.0
2018-08-07,Martedi,2293.81,582.0
2018-08-08,Mercoledi,2777.92,609.0
2018-08-09,Giovedi,2660.23,593.0
2018-08-10,Venerdi,3277.43,689.0
2018-08-11,Sabato,3489.31,776.0
2018-08-12,Domenica,2855.75,606.0
2018-08-13,Lunedi,3396.47,696.0
2018-08-14,Martedi,3441.08,720.0
2018-08-15,Mercoledi,,
2018-08-16,Giovedi,3371.4,724.0
2018-08-17,Venerdi,3403.76,734.0
2018-08-18,Sabato,3612.9,796.0
2018-08-19,Domenica,3187.71,714.0
2018-08-20,Lunedi,3088.77,698.0
2018-08-21,Martedi,3324.57,762.0
2018-08-22,Mercoledi,3039.2,701.0
2018-08-23,Giovedi,2916.98,657.0
2018-08-24,Venerdi,3189.41,688.0
2018-08-25,Sabato,3483.69,779.0
2018-08-26,Domenica,2985.72,616.0
2018-08-27,Lunedi,2821.46,661.0
2018-08-28,Martedi,2905.25,657.0
2018-08-29,Mercoledi,2621.86,610.0
2018-08-30,Giovedi,3155.94,664.0
2018-08-31,Venerdi,3205.59,646.0
2018-09-01,Sabato,3731.24,815.0
2018-09-02,Domenica,3250.56,615.0
2018-09-03,Lunedi,3422.08,734.0
2018-09-04,Martedi,3439.59,764.0
2018-09-05,Mercoledi,3434.09,750.0
2018-09-06,Giovedi,3487.31,747.0
2018-09-07,Venerdi,3322.33,719.0
2018-09-08,Sabato,3427.11,803.0
2018-09-09,Domenica,3061.86,657.0
2018-09-10,Lunedi,3238.02,746.0
2018-09-11,Martedi,3780.97,797.0
2018-09-12,Mercoledi,3575.93,793.0
2018-09-13,Giovedi,4038.9,860.0
2018-09-14,Venerdi,4492.6,874.0
2018-09-15,Sabato,4137.26,849.0
2018-09-16,Domenica,3726.79,702.0
2018-09-17,Lunedi,3950.52,857.0
2018-09-18,Martedi,3502.09,769.0
2018-09-19,Mercoledi,3729.13,824.0
2018-09-20,Giovedi,3961.35,902.0
2018-09-21,Venerdi,4359.62,933.0
2018-09-22,Sabato,4489.64,882.0
2018-09-23,Domenica,3513.62,694.0
2018-09-24,Lunedi,3373.69,843.0
2018-09-25,Martedi,3488.64,895.0
2018-09-26,Mercoledi,3302.96,859.0
2018-09-27,Giovedi,3181.28,865.0
2018-09-28,Venerdi,4365.44,1019.0
2018-09-29,Sabato,4398.09,973.0
2018-09-30,Domenica,3531.0,817.0
2018-10-01,Lunedi,3319.16,771.0
2018-10-02,Martedi,3464.91,834.0
2018-10-03,Mercoledi,3483.3,831.0
2018-10-04,Giovedi,3438.99,773.0
2018-10-05,Venerdi,4114.17,862.0
2018-10-06,Sabato,4086.48,896.0
2018-10-07,Domenica,3217.86,629.0
2018-10-08,Lunedi,3269.22,776.0
2018-10-09,Martedi,3174.18,775.0
2018-10-10,Mercoledi,3145.36,736.0
2018-10-11,Giovedi,3429.72,783.0
2018-10-12,Venerdi,4711.34,953.0
2018-10-13,Sabato,4287.04,920.0
2018-10-14,Domenica,3328.94,650.0
2018-10-15,Lunedi,3626.73,837.0
2018-10-16,Martedi,3210.72,743.0
2018-10-17,Mercoledi,3434.29,800.0
2018-10-18,Giovedi,3283.02,758.0
2018-10-19,Venerdi,3845.86,814.0
2018-10-20,Sabato,4516.62,889.0
2018-10-21,Domenica,3612.65,671.0
2018-10-22,Lunedi,3131.22,750.0
2018-10-23,Martedi,3005.2,737.0
2018-10-24,Mercoledi,3486.45,782.0
2018-10-25,Giovedi,3055.04,693.0
2018-10-26,Venerdi,3514.29,765.0
2018-10-27,Sabato,3509.42,752.0
2018-10-28,Domenica,2966.44,596.0
2018-10-29,Lunedi,2783.65,704.0
2018-10-30,Martedi,3217.95,757.0
2018-10-31,Mercoledi,4390.58,894.0
2018-11-01,Giovedi,3162.62,623.0
2018-11-02,Venerdi,3509.92,690.0
2018-11-03,Sabato,3418.92,787.0
2018-11-04,Domenica,3756.85,711.0
2018-11-05,Lunedi,3310.43,801.0
2018-11-06,Martedi,2749.75,691.0
2018-11-07,Mercoledi,3144.55,748.0
2018-11-08,Giovedi,3184.16,750.0
2018-11-09,Venerdi,3894.77,835.0
2018-11-10,Sabato,4355.28,894.0
2018-11-11,Domenica,3327.84,630.0
2018-11-12,Lunedi,3180.23,722.0
2018-11-13,Martedi,3049.25,730.0
2018-11-14,Mercoledi,3208.15,742.0
2018-11-15,Giovedi,3364.4,762.0
2018-11-16,Venerdi,4700.06,957.0
2018-11-17,Sabato,4462.44,920.0
2018-11-18,Domenica,3865.39,663.0
2018-11-19,Lunedi,3146.55,868.0
2018-11-20,Martedi,3382.93,838.0
2018-11-21,Mercoledi,3741.16,904.0
2018-11-22,Giovedi,4234.96,903.0
2018-11-23,Venerdi,4473.83,983.0
2018-11-24,Sabato,4820.43,1058.0
2018-11-25,Domenica,3683.7,760.0
2018-11-26,Lunedi,3088.89,766.0
2018-11-27,Martedi,3098.63,749.0
2018-11-28,Mercoledi,3319.85,736.0
2018-11-29,Giovedi,3462.85,784.0
2018-11-30,Venerdi,3717.47,838.0
2018-12-01,Sabato,4844.5,1024.0
2018-12-02,Domenica,3380.45,676.0
2018-12-03,Lunedi,3648.86,811.0
2018-12-04,Martedi,3153.29,791.0
2018-12-05,Mercoledi,3695.82,765.0
2018-12-06,Giovedi,3217.7,805.0
2018-12-07,Venerdi,4609.79,985.0
2018-12-08,Sabato,4221.52,820.0
2018-12-09,Domenica,3606.39,615.0
2018-12-10,Lunedi,3656.76,845.0
2018-12-11,Martedi,3465.42,780.0
2018-12-12,Mercoledi,3889.22,899.0
2018-12-13,Giovedi,3301.26,786.0
2018-12-14,Venerdi,4420.14,956.0
2018-12-15,Sabato,5114.92,980.0
2018-12-16,Domenica,3480.74,648.0
2018-12-17,Lunedi,5276.66,1019.0
2018-12-18,Martedi,5465.28,1051.0
2018-12-19,Mercoledi,3430.06,761.0
2018-12-20,Giovedi,3876.46,912.0
2018-12-21,Venerdi,5759.82,1060.0
2018-12-22,Sabato,5425.33,1016.0
2018-12-23,Domenica,3747.02,625.0
2018-12-24,Lunedi,3936.66,762.0
2018-12-25,Martedi,,
2018-12-26,Mercoledi,,
2018-12-27,Giovedi,3729.91,719.0
2018-12-28,Venerdi,4055.03,749.0
2018-12-29,Sabato,4528.19,837.0
2018-12-30,Domenica,3702.87,653.0
2018-12-31,Lunedi,2671.77,548.0
2019-01-01,Martedi,,
2019-01-02,Mercoledi,4039.51,758.0
2019-01-03,Giovedi,2733.93,638.0
2019-01-04,Venerdi,3441.45,680.0
2019-01-05,Sabato,4081.42,811.0
2019-01-06,Domenica,3216.18,568.0
2019-01-07,Lunedi,2865.13,679.0
2019-01-08,Martedi,2713.16,651.0
2019-01-09,Mercoledi,3011.0,688.0
2019-01-10,Giovedi,3443.24,743.0
2019-01-11,Venerdi,3595.02,762.0
2019-01-12,Sabato,4327.13,882.0
2019-01-13,Domenica,2842.83,562.0
2019-01-14,Lunedi,3603.27,802.0
2019-01-15,Martedi,3415.15,733.0
2019-01-16,Mercoledi,3088.55,708.0
2019-01-17,Giovedi,3665.76,745.0
2019-01-18,Venerdi,4010.94,822.0
2019-01-19,Sabato,4975.09,958.0
2019-01-20,Domenica,3788.02,635.0
2019-01-21,Lunedi,3765.6,856.0
2019-01-22,Martedi,3110.18,753.0
2019-01-23,Mercoledi,3330.58,729.0
2019-01-24,Giovedi,3801.97,802.0
2019-01-25,Venerdi,4360.47,881.0
2019-01-26,Sabato,4897.66,934.0
2019-01-27,Domenica,3353.92,618.0
2019-01-28,Lunedi,3270.24,754.0
2019-01-29,Martedi,3382.51,723.0
2019-01-30,Mercoledi,3239.31,678.0
2019-01-31,Giovedi,3103.0,711.0
2019-02-01,Venerdi,3437.08,764.0
2019-02-02,Sabato,4470.11,898.0
2019-02-03,Domenica,2635.45,519.0
2019-02-04,Lunedi,3123.56,740.0
2019-02-05,Martedi,3118.42,760.0
2019-02-06,Mercoledi,3318.69,721.0
2019-02-07,Giovedi,2996.55,706.0
2019-02-08,Venerdi,3698.01,810.0
2019-02-09,Sabato,4374.89,851.0
2019-02-10,Domenica,2836.7,547.0
2019-02-11,Lunedi,3517.86,817.0
2019-02-12,Martedi,3477.3,800.0
2019-02-13,Mercoledi,3425.8,808.0
2019-02-14,Giovedi,4292.22,864.0
2019-02-15,Venerdi,4177.25,861.0
2019-02-16,Sabato,4524.24,905.0
2019-02-17,Domenica,3501.57,636.0
2019-02-18,Lunedi,3460.26,782.0
2019-02-19,Martedi,3350.36,756.0
2019-02-20,Mercoledi,3705.01,803.0
2019-02-21,Giovedi,3623.24,744.0
2019-02-22,Venerdi,3893.23,832.0
2019-02-23,Sabato,5166.45,975.0
2019-02-24,Domenica,3623.15,648.0
2019-02-25,Lunedi,3643.21,832.0
2019-02-26,Martedi,3280.71,832.0
2019-02-27,Mercoledi,3919.62,934.0
2019-02-28,Giovedi,3252.95,848.0
2019-03-01,Venerdi,4486.52,1016.0
2019-03-02,Sabato,4820.34,1098.0
2019-03-03,Domenica,3546.1,707.0
2019-03-04,Lunedi,3353.93,828.0
2019-03-05,Martedi,3334.62,745.0
2019-03-06,Mercoledi,3176.32,740.0
2019-03-07,Giovedi,3028.33,716.0
2019-03-08,Venerdi,3604.32,777.0
2019-03-09,Sabato,3620.34,827.0
2019-03-10,Domenica,3324.72,669.0
2019-03-11,Lunedi,3847.04,844.0
2019-03-12,Martedi,3297.34,732.0
2019-03-13,Mercoledi,3737.44,781.0
2019-03-14,Giovedi,3256.78,756.0
2019-03-15,Venerdi,4787.33,987.0
2019-03-16,Sabato,4515.85,917.0
2019-03-17,Domenica,3176.45,612.0
2019-03-18,Lunedi,3336.76,764.0
2019-03-19,Martedi,3802.67,802.0
2019-03-20,Mercoledi,3688.97,802.0
2019-03-21,Giovedi,3372.5,785.0
2019-03-22,Venerdi,3976.2,867.0
2019-03-23,Sabato,4593.75,927.0
2019-03-24,Domenica,3628.17,680.0
2019-03-25,Lunedi,3472.19,774.0
2019-03-26,Martedi,3203.38,749.0
2019-03-27,Mercoledi,3624.96,791.0
2019-03-28,Giovedi,4040.76,841.0
2019-03-29,Venerdi,4237.7,861.0
2019-03-30,Sabato,4391.79,909.0
2019-03-31,Domenica,3743.18,720.0
2019-04-01,Lunedi,3487.25,832.0
2019-04-02,Martedi,3384.85,781.0
2019-04-03,Mercoledi,3311.4,742.0
2019-04-04,Giovedi,3280.48,747.0
2019-04-05,Venerdi,4059.39,864.0
2019-04-06,Sabato,4320.4,959.0
2019-04-07,Domenica,3757.96,664.0
2019-04-08,Lunedi,3260.67,789.0
2019-04-09,Martedi,3369.35,812.0
2019-04-10,Mercoledi,3450.59,785.0
2019-04-11,Giovedi,3600.22,803.0
2019-04-12,Venerdi,3985.79,894.0
2019-04-13,Sabato,4511.07,962.0
2019-04-14,Domenica,3480.2,618.0
2019-04-15,Lunedi,3760.83,851.0
2019-04-16,Martedi,3492.53,803.0
2019-04-17,Mercoledi,4828.16,1024.0
2019-04-18,Giovedi,4188.75,944.0
2019-04-19,Venerdi,3907.32,842.0
2019-04-20,Sabato,4965.21,1001.0
2019-04-21,Domenica,,
2019-04-22,Lunedi,,
2019-04-23,Martedi,3593.62,726.0
2019-04-24,Mercoledi,3433.56,727.0
2019-04-25,Giovedi,3124.37,621.0
2019-04-26,Venerdi,3419.52,780.0
2019-04-27,Sabato,4318.51,852.0
2019-04-28,Domenica,3382.74,661.0
2019-04-29,Lunedi,3123.79,725.0
2019-04-30,Martedi,3860.33,832.0
2019-05-01,Mercoledi,3289.64,700.0
2019-05-02,Giovedi,3191.45,733.0
2019-05-03,Venerdi,3627.96,824.0
2019-05-04,Sabato,3980.44,911.0
2019-05-05,Domenica,3361.2,614.0
2019-05-06,Lunedi,2981.1,690.0
2019-05-07,Martedi,2800.23,673.0
2019-05-08,Mercoledi,2990.18,643.0
2019-05-09,Giovedi,3252.22,717.0
2019-05-10,Venerdi,3555.95,746.0
2019-05-11,Sabato,4936.59,926.0
2019-05-12,Domenica,4498.31,778.0
2019-05-13,Lunedi,3266.39,708.0
2019-05-14,Martedi,2971.1,663.0
2019-05-15,Mercoledi,3447.96,701.0
2019-05-16,Giovedi,3678.39,848.0
2019-05-17,Venerdi,3552.29,753.0
2019-05-18,Sabato,4532.78,842.0
2019-05-19,Domenica,3529.72,608.0
2019-05-20,Lunedi,3484.07,719.0
2019-05-21,Martedi,3379.48,776.0
2019-05-22,Mercoledi,3053.95,630.0
2019-05-23,Giovedi,3482.12,799.0
2019-05-24,Venerdi,3654.87,779.0
2019-05-25,Sabato,4160.56,846.0
2019-05-26,Domenica,3426.87,612.0
2019-05-27,Lunedi,3452.86,767.0
2019-05-28,Martedi,3167.05,693.0
2019-05-29,Mercoledi,3024.43,743.0
2019-05-30,Giovedi,3394.17,814.0
2019-05-31,Venerdi,3920.0,868.0
2019-06-01,Sabato,4164.26,993.0
2019-06-02,Domenica,3327.43,669.0
2019-06-03,Lunedi,3459.41,817.0
2019-06-04,Martedi,3533.48,845.0
2019-06-05,Mercoledi,3446.04,764.0
2019-06-06,Giovedi,3204.78,780.0
2019-06-07,Venerdi,5608.24,1053.0
2019-06-08,Sabato,3849.77,809.0
2019-06-09,Domenica,3496.91,676.0
2019-06-10,Lunedi,3212.73,704.0
2019-06-11,Martedi,3473.36,777.0
2019-06-12,Mercoledi,3642.28,790.0
2019-06-13,Giovedi,3249.39,733.0
2019-06-14,Venerdi,3426.68,706.0
2019-06-15,Sabato,4071.25,810.0
2019-06-16,Domenica,3504.81,715.0
2019-06-17,Lunedi,3864.69,791.0
2019-06-18,Martedi,3263.11,765.0
2019-06-19,Mercoledi,3732.78,797.0
2019-06-20,Giovedi,3809.5,817.0
2019-06-21,Venerdi,3873.84,818.0
2019-06-22,Sabato,4188.95,788.0
2019-06-23,Domenica,3556.03,692.0
2019-06-24,Lunedi,3426.07,780.0
2019-06-25,Martedi,3074.82,749.0
2019-06-26,Mercoledi,3210.23,754.0
2019-06-27,Giovedi,3872.44,834.0
2019-06-28,Venerdi,3723.13,817.0
2019-06-29,Sabato,4017.71,861.0
2019-06-30,Domenica,4009.67,778.0
2019-07-01,Lunedi,3519.59,780.0
2019-07-02,Martedi,2852.69,639.0
2019-07-03,Mercoledi,3268.4,709.0
2019-07-04,Giovedi,3316.3,680.0
2019-07-05,Venerdi,4053.68,847.0
2019-07-06,Sabato,4253.04,928.0
2019-07-07,Domenica,3652.96,690.0
2019-07-08,Lunedi,3436.22,756.0
2019-07-09,Martedi,3008.7,658.0
2019-07-10,Mercoledi,3488.83,806.0
2019-07-11,Giovedi,3555.16,738.0
2019-07-12,Venerdi,3493.43,752.0
2019-07-13,Sabato,4254.78,888.0
2019-07-14,Domenica,3747.49,650.0
2019-07-15,Lunedi,3543.59,725.0
2019-07-16,Martedi,3470.52,749.0
2019-07-17,Mercoledi,3091.37,732.0
2019-07-18,Giovedi,3792.5,771.0
2019-07-19,Venerdi,4003.58,782.0
2019-07-20,Sabato,4442.54,928.0
2019-07-21,Domenica,3395.06,735.0
2019-07-22,Lunedi,3512.79,745.0
2019-07-23,Martedi,3186.5,732.0
2019-07-24,Mercoledi,3222.7,696.0
2019-07-25,Giovedi,3336.7,740.0
2019-07-26,Venerdi,3471.25,831.0
2019-07-27,Sabato,4119.02,814.0
2019-07-28,Domenica,3465.91,640.0
2019-07-29,Lunedi,3337.85,750.0
2019-07-30,Martedi,3380.29,726.0
2019-07-31,Mercoledi,3008.36,659.0
2019-08-01,Giovedi,3282.56,729.0
2019-08-02,Venerdi,3462.13,682.0
2019-08-03,Sabato,3934.71,823.0
2019-08-04,Domenica,3494.68,684.0
2019-08-05,Lunedi,3009.98,649.0
2019-08-06,Martedi,3037.83,636.0
2019-08-07,Mercoledi,3299.63,698.0
2019-08-08,Giovedi,2999.8,606.0
2019-08-09,Venerdi,3511.94,743.0
2019-08-10,Sabato,4182.14,819.0
2019-08-11,Domenica,3436.82,655.0
2019-08-12,Lunedi,3457.49,693.0
2019-08-13,Martedi,3177.54,689.0
2019-08-14,Mercoledi,3561.0,738.0
2019-08-15,Giovedi,,
2019-08-16,Venerdi,3977.61,792.0
2019-08-17,Sabato,4334.03,824.0
2019-08-18,Domenica,3182.56,618.0
2019-08-19,Lunedi,3422.24,766.0
2019-08-20,Martedi,3318.71,706.0
2019-08-21,Mercoledi,3271.5,718.0
2019-08-22,Giovedi,3156.07,681.0
2019-08-23,Venerdi,3335.81,669.0
2019-08-24,Sabato,3729.3,797.0
2019-08-25,Domenica,4035.06,746.0
2019-08-26,Lunedi,3291.16,716.0
2019-08-27,Martedi,3099.58,641.0
2019-08-28,Mercoledi,3782.7,718.0
2019-08-29,Giovedi,3569.99,708.0
2019-08-30,Venerdi,3624.05,750.0
2019-08-31,Sabato,4066.99,841.0
2019-09-01,Domenica,3712.8,671.0
2019-09-02,Lunedi,4265.11,822.0
2019-09-03,Martedi,4169.26,808.0
2019-09-04,Mercoledi,3648.92,771.0
2019-09-05,Giovedi,4053.94,847.0
2019-09-06,Venerdi,3665.64,712.0
2019-09-07,Sabato,4342.6,911.0
2019-09-08,Domenica,3554.67,631.0
2019-09-09,Lunedi,3591.64,733.0
2019-09-10,Martedi,3892.96,738.0
2019-09-11,Mercoledi,4153.41,832.0
2019-09-12,Giovedi,4345.42,820.0
2019-09-13,Venerdi,4853.15,899.0
2019-09-14,Sabato,5224.24,959.0
2019-09-15,Domenica,4062.14,740.0
2019-09-16,Lunedi,5205.43,979.0
2019-09-17,Martedi,4445.01,900.0
2019-09-18,Mercoledi,3874.37,840.0
2019-09-19,Giovedi,4293.4,875.0
2019-09-20,Venerdi,4750.7,948.0
2019-09-21,Sabato,5371.21,950.0
2019-09-22,Domenica,3800.23,655.0
2019-09-23,Lunedi,3783.89,798.0
2019-09-24,Martedi,3921.68,836.0
2019-09-25,Mercoledi,3813.48,794.0
2019-09-26,Giovedi,3559.56,764.0
2019-09-27,Venerdi,6721.53,1175.0
2019-09-28,Sabato,4676.27,927.0
2019-09-29,Domenica,3840.17,745.0
2019-09-30,Lunedi,3776.67,781.0
2019-10-01,Martedi,3951.13,818.0
2019-10-02,Mercoledi,3705.89,821.0
2019-10-03,Giovedi,3654.56,769.0
2019-10-04,Venerdi,4820.69,913.0
2019-10-05,Sabato,4922.76,956.0
2019-10-06,Domenica,3791.27,644.0
2019-10-07,Lunedi,3220.4,724.0
2019-10-08,Martedi,3169.3,724.0
2019-10-09,Mercoledi,3309.21,725.0
2019-10-10,Giovedi,3713.72,761.0
2019-10-11,Venerdi,4682.61,868.0
2019-10-12,Sabato,5204.96,926.0
2019-10-13,Domenica,3949.47,660.0
2019-10-14,Lunedi,3610.84,791.0
2019-10-15,Martedi,4036.85,772.0
2019-10-16,Mercoledi,3355.55,757.0
2019-10-17,Giovedi,3872.36,772.0
2019-10-18,Venerdi,4419.81,839.0
2019-10-19,Sabato,5771.92,947.0
2019-10-20,Domenica,4209.48,722.0
2019-10-21,Lunedi,3495.72,764.0
2019-10-22,Martedi,3979.19,817.0
2019-10-23,Mercoledi,3451.43,700.0
2019-10-24,Giovedi,3377.7,689.0
2019-10-25,Venerdi,4394.67,796.0
2019-10-26,Sabato,5070.3,871.0
2019-10-27,Domenica,4204.56,677.0
2019-10-28,Lunedi,4202.24,825.0
2019-10-29,Martedi,3601.63,731.0
2019-10-30,Mercoledi,4171.14,865.0
2019-10-31,Giovedi,4792.74,906.0
2019-11-01,Venerdi,4404.6,724.0
2019-11-02,Sabato,4132.18,807.0
2019-11-03,Domenica,3651.08,581.0
2019-11-04,Lunedi,3620.89,755.0
2019-11-05,Martedi,3049.84,661.0
2019-11-06,Mercoledi,3700.93,744.0
2019-11-07,Giovedi,3392.83,755.0
2019-11-08,Venerdi,3867.85,768.0
2019-11-09,Sabato,4450.44,879.0
2019-11-10,Domenica,3271.28,605.0
2019-11-11,Lunedi,3531.93,741.0
2019-11-12,Martedi,3177.0,706.0
2019-11-13,Mercoledi,3828.91,821.0
2019-11-14,Giovedi,3540.65,757.0
2019-11-15,Venerdi,4246.84,815.0
2019-11-16,Sabato,4823.94,862.0
2019-11-17,Domenica,3509.55,619.0
2019-11-18,Lunedi,3464.59,796.0
2019-11-19,Martedi,3308.52,819.0
2019-11-20,Mercoledi,3566.43,855.0
2019-11-21,Giovedi,3753.23,871.0
2019-11-22,Venerdi,4095.53,867.0
2019-11-23,Sabato,4454.97,912.0
2019-11-24,Domenica,3591.25,712.0
2019-11-25,Lunedi,3869.36,800.0
2019-11-26,Martedi,3675.96,754.0
2019-11-27,Mercoledi,3048.36,657.0
2019-11-28,Giovedi,3760.83,770.0
2019-11-29,Venerdi,4575.0,872.0
2019-11-30,Sabato,5052.68,931.0
2019-12-01,Domenica,3847.51,610.0
2019-12-02,Lunedi,3469.46,719.0
2019-12-03,Martedi,3432.91,707.0
2019-12-04,Mercoledi,3567.6,746.0
2019-12-05,Giovedi,3234.23,700.0
2019-12-06,Venerdi,4432.5,859.0
2019-12-07,Sabato,5053.33,910.0
2019-12-08,Domenica,3865.62,649.0
2019-12-09,Lunedi,3514.99,717.0
2019-12-10,Martedi,3894.89,811.0
2019-12-11,Mercoledi,3727.74,693.0
2019-12-12,Giovedi,3927.16,811.0
2019-12-13,Venerdi,4485.46,840.0
2019-12-14,Sabato,5225.63,894.0
2019-12-15,Domenica,4179.15,628.0
2019-12-16,Lunedi,4049.83,806.0
2019-12-17,Martedi,3809.95,791.0
2019-12-18,Mercoledi,4246.05,752.0
2019-12-19,Giovedi,4231.84,854.0
2019-12-20,Venerdi,6225.43,1059.0
2019-12-21,Sabato,5340.75,952.0
2019-12-22,Domenica,3908.24,668.0
2019-12-23,Lunedi,4793.93,805.0
2019-12-24,Martedi,4033.13,764.0
2019-12-25,Mercoledi,,
2019-12-26,Giovedi,,
2019-12-27,Venerdi,3834.64,718.0
2019-12-28,Sabato,4275.18,797.0
2019-12-29,Domenica,3238.58,592.0
2019-12-30,Lunedi,4186.96,786.0
2019-12-31,Martedi,2881.49,594.0
2020-01-01,Mercoledi,,
2020-01-02,Giovedi,4472.73,803.0
2020-01-03,Venerdi,3851.34,688.0
2020-01-04,Sabato,4230.98,813.0
2020-01-05,Domenica,3197.76,596.0
2020-01-06,Lunedi,3505.2,637.0
2020-01-07,Martedi,2926.36,678.0
2020-01-08,Mercoledi,3310.61,659.0
2020-01-09,Giovedi,3517.48,746.0
2020-01-10,Venerdi,4416.35,799.0
2020-01-11,Sabato,4821.01,907.0
2020-01-12,Domenica,3801.08,616.0
2020-01-13,Lunedi,3435.82,709.0
2020-01-14,Martedi,3642.29,715.0
2020-01-15,Mercoledi,3676.71,707.0
2020-01-16,Giovedi,3813.64,724.0
2020-01-17,Venerdi,4421.54,817.0
2020-01-18,Sabato,5184.0,874.0
2020-01-19,Domenica,3523.44,608.0
2020-01-20,Lunedi,4005.27,785.0
2020-01-21,Martedi,3811.28,789.0
2020-01-22,Mercoledi,3457.83,736.0
2020-01-23,Giovedi,3442.86,727.0
2020-01-24,Venerdi,4683.31,832.0
2020-01-25,Sabato,5267.06,920.0
2020-01-26,Domenica,3728.37,670.0
2020-01-27,Lunedi,3827.08,728.0
2020-01-28,Martedi,3580.15,726.0
2020-01-29,Mercoledi,3689.87,729.0
2020-01-30,Giovedi,3708.44,790.0
2020-01-31,Venerdi,4545.67,849.0
2020-02-01,Sabato,4870.99,923.0
2020-02-02,Domenica,3253.27,592.0
2020-02-03,Lunedi,3302.83,738.0
2020-02-04,Martedi,3459.44,737.0
2020-02-05,Mercoledi,3288.21,712.0
2020-02-06,Giovedi,3220.81,732.0
2020-02-07,Venerdi,4305.88,788.0
2020-02-08,Sabato,4861.42,892.0
2020-02-09,Domenica,3453.5,578.0
2020-02-10,Lunedi,3960.41,819.0
2020-02-11,Martedi,3380.8,780.0
2020-02-12,Mercoledi,3677.92,753.0
2020-02-13,Giovedi,3849.54,809.0
2020-02-14,Venerdi,5262.26,960.0
2020-02-15,Sabato,4809.48,892.0
2020-02-16,Domenica,3836.77,685.0
2020-02-17,Lunedi,3765.83,769.0
2020-02-18,Martedi,3868.31,781.0
2020-02-19,Mercoledi,3786.22,800.0
2020-02-20,Giovedi,4433.02,847.0
2020-02-21,Venerdi,4375.96,828.0
2020-02-22,Sabato,3627.3,609.0
2020-02-23,Domenica,2347.78,443.0
2020-02-24,Lunedi,1654.65,365.0
2020-02-25,Martedi,1581.79,311.0
2020-02-26,Mercoledi,1923.8,394.0
2020-02-27,Giovedi,1866.42,366.0
2020-02-28,Venerdi,2769.08,462.0
2020-02-29,Sabato,2935.91,534.0
2020-03-01,Domenica,2584.12,447.0
2020-03-02,Lunedi,2277.61,457.0
2020-03-03,Martedi,2244.12,502.0
2020-03-04,Mercoledi,2200.77,489.0
2020-03-05,Giovedi,1957.45,417.0
2020-03-06,Venerdi,2282.78,484.0
2020-03-07,Sabato,2550.35,515.0
2020-03-08,Domenica,1344.54,315.0
2020-03-09,Lunedi,932.17,233.0
2020-03-10,Martedi,1214.51,235.0
2020-03-11,Mercoledi,1202.32,225.0
2020-03-12,Giovedi,0.0,0.0
2020-03-13,Venerdi,0.0,0.0
2020-03-14,Sabato,0.0,0.0
2020-03-15,Domenica,0.0,0.0
2020-03-16,Lunedi,0.0,0.0
2020-03-17,Martedi,0.0,0.0
2020-03-18,Mercoledi,0.0,0.0
2020-03-19,Giovedi,0.0,0.0
2020-03-20,Venerdi,0.0,0.0
2020-03-21,Sabato,0.0,0.0
2020-03-22,Domenica,0.0,0.0
2020-03-23,Lunedi,0.0,0.0
2020-03-24,Martedi,0.0,0.0
2020-03-25,Mercoledi,0.0,0.0
2020-03-26,Giovedi,0.0,0.0
2020-03-27,Venerdi,0.0,0.0
2020-03-28,Sabato,0.0,0.0
2020-03-29,Domenica,0.0,0.0
2020-03-30,Lunedi,0.0,0.0
2020-03-31,Martedi,0.0,0.0
2020-04-01,Mercoledi,0.0,0.0
2020-04-02,Giovedi,0.0,0.0
2020-04-03,Venerdi,0.0,0.0
2020-04-04,Sabato,0.0,0.0
2020-04-05,Domenica,0.0,0.0
2020-04-06,Lunedi,0.0,0.0
2020-04-07,Martedi,0.0,0.0
2020-04-08,Mercoledi,0.0,0.0
2020-04-09,Giovedi,0.0,0.0
2020-04-10,Venerdi,0.0,0.0
2020-04-11,Sabato,0.0,0.0
2020-04-12,Domenica,0.0,0.0
2020-04-13,Lunedi,0.0,0.0
2020-04-14,Martedi,0.0,0.0
2020-04-15,Mercoledi,0.0,0.0
2020-04-16,Giovedi,0.0,0.0
2020-04-17,Venerdi,0.0,0.0
2020-04-18,Sabato,0.0,0.0
2020-04-19,Domenica,0.0,0.0
2020-04-20,Lunedi,0.0,0.0
2020-04-21,Martedi,0.0,0.0
2020-04-22,Mercoledi,0.0,0.0
2020-04-23,Giovedi,0.0,0.0
2020-04-24,Venerdi,0.0,0.0
2020-04-25,Sabato,0.0,0.0
2020-04-26,Domenica,0.0,0.0
2020-04-27,Lunedi,0.0,0.0
2020-04-28,Martedi,0.0,0.0
2020-04-29,Mercoledi,0.0,0.0
2020-04-30,Giovedi,0.0,1.0
2020-05-01,Venerdi,0.0,0.0
2020-05-02,Sabato,0.0,0.0
2020-05-03,Domenica,0.0,0.0
2020-05-04,Lunedi,0.0,0.0
2020-05-05,Martedi,0.0,0.0
2020-05-06,Mercoledi,0.0,0.0
2020-05-07,Giovedi,0.0,0.0
2020-05-08,Venerdi,0.0,0.0
2020-05-09,Sabato,0.0,0.0
2020-05-10,Domenica,0.0,0.0
2020-05-11,Lunedi,0.0,0.0
2020-05-12,Martedi,0.0,0.0
2020-05-13,Mercoledi,0.0,0.0
2020-05-14,Giovedi,0.0,0.0
2020-05-15,Venerdi,0.0,0.0
2020-05-16,Sabato,0.0,0.0
2020-05-17,Domenica,0.0,0.0
2020-05-18,Lunedi,0.0,0.0
2020-05-19,Martedi,0.0,0.0
2020-05-20,Mercoledi,0.0,0.0
2020-05-21,Giovedi,0.0,0.0
2020-05-22,Venerdi,0.0,0.0
2020-05-23,Sabato,0.0,0.0
2020-05-24,Domenica,0.0,0.0
2020-05-25,Lunedi,0.0,0.0
2020-05-26,Martedi,0.0,0.0
2020-05-27,Mercoledi,0.0,0.0
2020-05-28,Giovedi,0.0,0.0
2020-05-29,Venerdi,0.0,0.0
2020-05-30,Sabato,0.0,0.0
2020-05-31,Domenica,0.0,0.0
2020-06-01,Lunedi,0.0,3.0
2020-06-02,Martedi,0.0,0.0
2020-06-03,Mercoledi,1738.27,339.0
2020-06-04,Giovedi,1963.43,310.0
2020-06-05,Venerdi,2471.45,393.0
2020-06-06,Sabato,2884.35,472.0
2020-06-07,Domenica,2360.77,344.0
2020-06-08,Lunedi,2635.23,386.0
2020-06-09,Martedi,2254.89,367.0
2020-06-10,Mercoledi,2300.76,395.0
2020-06-11,Giovedi,2275.9,375.0
2020-06-12,Venerdi,2515.26,406.0
2020-06-13,Sabato,3205.98,533.0
2020-06-14,Domenica,2449.17,368.0
2020-06-15,Lunedi,2126.81,370.0
2020-06-16,Martedi,2466.61,411.0
2020-06-17,Mercoledi,2315.5,372.0
2020-06-18,Giovedi,2231.71,378.0
2020-06-19,Venerdi,2496.65,420.0
2020-06-20,Sabato,3257.55,529.0
2020-06-21,Domenica,2428.76,402.0
2020-06-22,Lunedi,2351.13,399.0
2020-06-23,Martedi,2188.34,397.0
2020-06-24,Mercoledi,2316.9,399.0
2020-06-25,Giovedi,2326.63,426.0
2020-06-26,Venerdi,2653.79,454.0
2020-06-27,Sabato,3204.42,549.0
2020-06-28,Domenica,2291.84,394.0
2020-06-29,Lunedi,2012.95,406.0
2020-06-30,Martedi,2470.17,423.0
2020-07-01,Mercoledi,2332.49,421.0
2020-07-02,Giovedi,2281.26,462.0
2020-07-03,Venerdi,2657.87,439.0
2020-07-04,Sabato,3249.61,527.0
2020-07-05,Domenica,2287.74,411.0
2020-07-06,Lunedi,2454.92,449.0
2020-07-07,Martedi,2361.88,435.0
2020-07-08,Mercoledi,2600.61,447.0
2020-07-09,Giovedi,2198.84,401.0
2020-07-10,Venerdi,3012.34,498.0
2020-07-11,Sabato,3639.7,604.0
2020-07-12,Domenica,2930.37,450.0
2020-07-13,Lunedi,2707.53,535.0
2020-07-14,Martedi,2418.38,471.0
2020-07-15,Mercoledi,2567.91,487.0
2020-07-16,Giovedi,2641.43,501.0
2020-07-17,Venerdi,2987.54,521.0
2020-07-18,Sabato,3910.67,627.0
2020-07-19,Domenica,2756.86,460.0
2020-07-20,Lunedi,2595.27,492.0
2020-07-21,Martedi,2965.83,538.0
2020-07-22,Mercoledi,2735.4,487.0
2020-07-23,Giovedi,2736.34,470.0
2020-07-24,Venerdi,2647.49,464.0
2020-07-25,Sabato,3804.61,629.0
2020-07-26,Domenica,2818.77,467.0
2020-07-27,Lunedi,2976.29,533.0
2020-07-28,Martedi,2585.34,485.0
2020-07-29,Mercoledi,2360.92,459.0
2020-07-30,Giovedi,2504.05,485.0
2020-07-31,Venerdi,3102.25,526.0
2020-08-01,Sabato,3308.77,617.0
2020-08-02,Domenica,2934.02,494.0
2020-08-03,Lunedi,2720.89,458.0
2020-08-04,Martedi,2630.9,462.0
2020-08-05,Mercoledi,2777.59,490.0
2020-08-06,Giovedi,2838.82,482.0
2020-08-07,Venerdi,2896.35,528.0
2020-08-08,Sabato,3279.86,558.0
2020-08-09,Domenica,2879.2,483.0
2020-08-10,Lunedi,3059.62,521.0
2020-08-11,Martedi,2826.71,497.0
2020-08-12,Mercoledi,3054.45,548.0
2020-08-13,Giovedi,2696.46,511.0
2020-08-14,Venerdi,3647.82,610.0
2020-08-15,Sabato,,
2020-08-16,Domenica,,
2020-08-17,Lunedi,3951.65,610.0
2020-08-18,Martedi,2948.83,545.0
2020-08-19,Mercoledi,2632.71,532.0
2020-08-20,Giovedi,2705.73,539.0
2020-08-21,Venerdi,2935.35,530.0
2020-08-22,Sabato,3337.84,592.0
2020-08-23,Domenica,3327.19,522.0
2020-08-24,Lunedi,2757.02,517.0
2020-08-25,Martedi,2503.73,502.0
2020-08-26,Mercoledi,2794.74,531.0
2020-08-27,Giovedi,2607.08,496.0
2020-08-28,Venerdi,2948.51,525.0
2020-08-29,Sabato,3713.78,580.0
2020-08-30,Domenica,3475.9,520.0
2020-08-31,Lunedi,3487.76,559.0
2020-09-01,Martedi,2866.11,527.0
2020-09-02,Mercoledi,3205.12,600.0
2020-09-03,Giovedi,2767.78,515.0
2020-09-04,Venerdi,3300.36,579.0
2020-09-05,Sabato,3805.45,661.0
2020-09-06,Domenica,3218.91,544.0
2020-09-07,Lunedi,3133.9,549.0
2020-09-08,Martedi,3018.57,587.0
2020-09-09,Mercoledi,3435.3,616.0
2020-09-10,Giovedi,2903.22,558.0
2020-09-11,Venerdi,3900.97,688.0
2020-09-12,Sabato,4165.0,657.0
2020-09-13,Domenica,3189.19,535.0
2020-09-14,Lunedi,4464.58,682.0
2020-09-15,Martedi,3552.8,643.0
2020-09-16,Mercoledi,3919.06,680.0
2020-09-17,Giovedi,4025.14,675.0
2020-09-18,Venerdi,4045.53,674.0
2020-09-19,Sabato,4277.73,736.0
2020-09-20,Domenica,3089.93,492.0
2020-09-21,Lunedi,3315.52,643.0
2020-09-22,Martedi,3458.56,627.0
2020-09-23,Mercoledi,3142.11,637.0
2020-09-24,Giovedi,3613.41,635.0
2020-09-25,Venerdi,3984.66,743.0
2020-09-26,Sabato,4367.96,751.0
2020-09-27,Domenica,3519.22,595.0
2020-09-28,Lunedi,3173.39,578.0
2020-09-29,Martedi,3268.58,581.0
2020-09-30,Mercoledi,3130.79,600.0
2020-10-01,Giovedi,3232.81,572.0
2020-10-02,Venerdi,3159.89,620.0
2020-10-03,Sabato,4002.0,644.0
2020-10-04,Domenica,3390.06,518.0
2020-10-05,Lunedi,3099.49,553.0
2020-10-06,Martedi,2788.09,531.0
2020-10-07,Mercoledi,2925.58,576.0
2020-10-08,Giovedi,3045.76,576.0
2020-10-09,Venerdi,4160.82,633.0
2020-10-10,Sabato,4826.83,743.0
2020-10-11,Domenica,3140.87,458.0
2020-10-12,Lunedi,2807.07,544.0
2020-10-13,Martedi,3184.71,535.0
2020-10-14,Mercoledi,3164.25,553.0
2020-10-15,Giovedi,3310.22,539.0
2020-10-16,Venerdi,4155.73,694.0
2020-10-17,Sabato,4809.22,744.0
2020-10-18,Domenica,2646.98,412.0
2020-10-19,Lunedi,3109.62,596.0
2020-10-20,Martedi,3122.08,538.0
2020-10-21,Mercoledi,3153.68,577.0
2020-10-22,Giovedi,3312.25,586.0
2020-10-23,Venerdi,3843.33,613.0
2020-10-24,Sabato,4499.97,690.0
2020-10-25,Domenica,3846.51,522.0
2020-10-26,Lunedi,3186.14,531.0
2020-10-27,Martedi,2861.36,515.0
2020-10-28,Mercoledi,3316.76,535.0
2020-10-29,Giovedi,3282.06,475.0
2020-10-30,Venerdi,3411.44,571.0
2020-10-31,Sabato,4438.0,627.0
2020-11-01,Domenica,2833.67,435.0
2020-11-02,Lunedi,3207.09,497.0
2020-11-03,Martedi,2300.52,428.0
2020-11-04,Mercoledi,3129.82,490.0
2020-11-05,Giovedi,2481.9,401.0
2020-11-06,Venerdi,2821.55,416.0
2020-11-07,Sabato,3707.11,535.0
2020-11-08,Domenica,2853.51,401.0
2020-11-09,Lunedi,2392.06,391.0
2020-11-10,Martedi,2364.68,393.0
2020-11-11,Mercoledi,2477.71,419.0
2020-11-12,Giovedi,2597.35,428.0
2020-11-13,Venerdi,3475.96,519.0
2020-11-14,Sabato,4136.88,589.0
2020-11-15,Domenica,0.0,0.0
2020-11-16,Lunedi,2337.4,412.0
2020-11-17,Martedi,2344.36,385.0
2020-11-18,Mercoledi,2399.95,418.0
2020-11-19,Giovedi,2981.72,429.0
2020-11-20,Venerdi,2826.98,424.0
2020-11-21,Sabato,3432.67,431.0
2020-11-22,Domenica,1123.86,230.0
2020-11-23,Lunedi,2515.31,426.0
2020-11-24,Martedi,2360.41,391.0
2020-11-25,Mercoledi,2394.87,396.0
2020-11-26,Giovedi,2382.1,422.0
2020-11-27,Venerdi,3241.17,467.0
2020-11-28,Sabato,3289.85,470.0
2020-11-29,Domenica,2084.24,287.0
2020-11-30,Lunedi,2538.6,421.0
2020-12-01,Martedi,2276.95,363.0
2020-12-02,Mercoledi,2403.33,394.0
2020-12-03,Giovedi,2951.4,446.0
2020-12-04,Venerdi,2896.74,444.0
2020-12-05,Sabato,3140.39,418.0
2020-12-06,Domenica,2699.84,372.0
2020-12-07,Lunedi,3156.67,514.0
2020-12-08,Martedi,2372.64,320.0
2020-12-09,Mercoledi,2891.71,443.0
2020-12-10,Giovedi,2743.16,426.0
2020-12-11,Venerdi,3781.51,527.0
2020-12-12,Sabato,4415.33,636.0
2020-12-13,Domenica,3394.08,424.0
2020-12-14,Lunedi,3041.23,507.0
2020-12-15,Martedi,3115.49,493.0
2020-12-16,Mercoledi,3473.8,525.0
2020-12-17,Giovedi,3383.21,531.0
2020-12-18,Venerdi,4016.75,592.0
2020-12-19,Sabato,5446.62,734.0
2020-12-20,Domenica,3430.94,446.0
2020-12-21,Lunedi,3370.38,484.0
2020-12-22,Martedi,4006.11,560.0
2020-12-23,Mercoledi,4451.72,649.0
2020-12-24,Giovedi,1961.88,293.0
2020-12-25,Venerdi,0.0,0.0
2020-12-26,Sabato,0.0,0.0
2020-12-27,Domenica,2413.82,270.0
2020-12-28,Lunedi,2194.05,342.0
2020-12-29,Martedi,3209.19,424.0
2020-12-30,Mercoledi,3568.13,507.0
2020-12-31,Giovedi,1694.03,264.0
2021-01-01,Venerdi,0.0,0.0
2021-01-02,Sabato,2427.15,308.0
2021-01-03,Domenica,2239.62,276.0
2021-01-04,Lunedi,3601.59,477.0
2021-01-05,Martedi,2542.1,331.0
2021-01-06,Mercoledi,2650.33,296.0
2021-01-07,Giovedi,3196.71,500.0
2021-01-08,Venerdi,4402.75,612.0
2021-01-09,Sabato,3017.21,451.0
2021-01-10,Domenica,2627.91,311.0
2021-01-11,Lunedi,2824.46,456.0
2021-01-12,Martedi,3088.39,451.0
2021-01-13,Mercoledi,3051.68,467.0
2021-01-14,Giovedi,2967.83,451.0
2021-01-15,Venerdi,3611.63,494.0
2021-01-16,Sabato,4265.78,581.0
2021-01-17,Domenica,2750.35,337.0
2021-01-18,Lunedi,3054.5,475.0
2021-01-19,Martedi,2856.54,485.0
2021-01-20,Mercoledi,3232.44,472.0
2021-01-21,Giovedi,3658.07,520.0
2021-01-22,Venerdi,4005.45,506.0
2021-01-23,Sabato,3573.45,498.0
2021-01-24,Domenica,2862.06,337.0
2021-01-25,Lunedi,2838.89,477.0
2021-01-26,Martedi,3036.31,467.0
2021-01-27,Mercoledi,3360.58,467.0
2021-01-28,Giovedi,3537.14,503.0
2021-01-29,Venerdi,4322.21,531.0
2021-01-30,Sabato,4330.42,540.0
2021-01-31,Domenica,2898.37,390.0
2021-02-01,Lunedi,3119.31,499.0
2021-02-02,Martedi,3272.69,492.0
2021-02-03,Mercoledi,3217.12,515.0
2021-02-04,Giovedi,3116.24,504.0
2021-02-05,Venerdi,4132.66,622.0
2021-02-06,Sabato,5147.39,709.0
2021-02-07,Domenica,3299.53,407.0
2021-02-08,Lunedi,2733.79,508.0
2021-02-09,Martedi,3064.85,521.0
2021-02-10,Mercoledi,2876.51,488.0
2021-02-11,Giovedi,3420.44,541.0
2021-02-12,Venerdi,4287.11,620.0
2021-02-13,Sabato,5491.84,760.0
2021-02-14,Domenica,4004.21,480.0
2021-02-15,Lunedi,3712.09,540.0
2021-02-16,Martedi,3466.07,530.0
2021-02-17,Mercoledi,3466.69,559.0
2021-02-18,Giovedi,3585.57,549.0
2021-02-19,Venerdi,3912.4,602.0
2021-02-20,Sabato,5412.64,722.0
2021-02-21,Domenica,3193.38,417.0
2021-02-22,Lunedi,2804.34,444.0
2021-02-23,Martedi,3109.63,480.0
2021-02-24,Mercoledi,2812.92,461.0
2021-02-25,Giovedi,3294.28,488.0
2021-02-26,Venerdi,4200.21,565.0
2021-02-27,Sabato,4357.53,578.0
2021-02-28,Domenica,3271.07,470.0
2021-03-01,Lunedi,3087.02,488.0
2021-03-02,Martedi,2987.22,470.0
2021-03-03,Mercoledi,3186.33,497.0
2021-03-04,Giovedi,2986.57,467.0
2021-03-05,Venerdi,4149.29,564.0
2021-03-06,Sabato,4103.39,560.0
2021-03-07,Domenica,2666.67,368.0
2021-03-08,Lunedi,2381.27,412.0
2021-03-09,Martedi,2502.8,422.0
2021-03-10,Mercoledi,2937.12,492.0
2021-03-11,Giovedi,3038.08,444.0
2021-03-12,Venerdi,3910.37,555.0
2021-03-13,Sabato,4402.93,601.0
2021-03-14,Domenica,3225.79,425.0
2021-03-15,Lunedi,2000.68,322.0
2021-03-16,Martedi,2144.6,351.0
2021-03-17,Mercoledi,1984.25,322.0
2021-03-18,Giovedi,2491.59,380.0
2021-03-19,Venerdi,2614.73,392.0
2021-03-20,Sabato,3015.51,442.0
2021-03-21,Domenica,2831.31,323.0
2021-03-22,Lunedi,2475.92,382.0
2021-03-23,Martedi,2152.52,353.0
2021-03-24,Mercoledi,2419.91,371.0
2021-03-25,Giovedi,2980.61,420.0
2021-03-26,Venerdi,2960.73,413.0
2021-03-27,Sabato,3578.9,508.0
2021-03-28,Domenica,2389.23,328.0
2021-03-29,Lunedi,2111.78,398.0
2021-03-30,Martedi,2356.39,399.0
2021-03-31,Mercoledi,2461.54,396.0
2021-04-01,Giovedi,2593.73,402.0
2021-04-02,Venerdi,2495.96,418.0
2021-04-03,Sabato,2199.21,389.0
2021-04-04,Domenica,0.0,0.0
2021-04-05,Lunedi,0.0,0.0
2021-04-06,Martedi,2519.37,380.0
2021-04-07,Mercoledi,1910.93,343.0
2021-04-08,Giovedi,2255.51,348.0
2021-04-09,Venerdi,3320.59,425.0
2021-04-10,Sabato,3413.86,482.0
2021-04-11,Domenica,2475.71,325.0
2021-04-12,Lunedi,3029.98,453.0
